{"type":"FeatureCollection","features":[{"type":"Feature","geometry":{"type":"Point","coordinates":[121.45806,31.22222]},"properties":{"id":"geonames-1796236","name":"Shanghai","country":"China","country_code":"CN","population":24874500,"lat":31.22222,"lon":121.45806,"temp_c":27}},{"type":"Feature","geometry":{"type":"Point","coordinates":[116.39723,39.9075]},"properties":{"id":"geonames-1816670","name":"Beijing","country":"China","country_code":"CN","population":18960744,"lat":39.9075,"lon":116.39723,"temp_c":24.1}},{"type":"Feature","geometry":{"type":"Point","coordinates":[114.0683,22.54554]},"properties":{"id":"geonames-1795565","name":"Shenzhen","country":"China","country_code":"CN","population":17494398,"lat":22.54554,"lon":114.0683,"temp_c":26.9}},{"type":"Feature","geometry":{"type":"Point","coordinates":[113.25,23.11667]},"properties":{"id":"geonames-1809858","name":"Guangzhou","country":"China","country_code":"CN","population":16096724,"lat":23.11667,"lon":113.25,"temp_c":27.5}},{"type":"Feature","geometry":{"type":"Point","coordinates":[15.31357,-4.32758]},"properties":{"id":"geonames-2314302","name":"Kinshasa","country":"Congo - Kinshasa","country_code":"CD","population":16000000,"lat":-4.32758,"lon":15.31357,"temp_c":29.1}},{"type":"Feature","geometry":{"type":"Point","coordinates":[28.94966,41.01384]},"properties":{"id":"geonames-745044","name":"Istanbul","country":"Türkiye","country_code":"TR","population":15701602,"lat":41.01384,"lon":28.94966,"temp_c":24.9}},{"type":"Feature","geometry":{"type":"Point","coordinates":[3.39467,6.45407]},"properties":{"id":"geonames-2332459","name":"Lagos","country":"Nigeria","country_code":"NG","population":15388000,"lat":6.45407,"lon":3.39467,"temp_c":25.6}},{"type":"Feature","geometry":{"type":"Point","coordinates":[106.62965,10.82302]},"properties":{"id":"geonames-1566083","name":"Ho Chi Minh City","country":"Vietnam","country_code":"VN","population":14002598,"lat":10.82302,"lon":106.62965,"temp_c":26.9}},{"type":"Feature","geometry":{"type":"Point","coordinates":[104.06667,30.66667]},"properties":{"id":"geonames-1815286","name":"Chengdu","country":"China","country_code":"CN","population":13568357,"lat":30.66667,"lon":104.06667,"temp_c":25.7}},{"type":"Feature","geometry":{"type":"Point","coordinates":[74.35071,31.558]},"properties":{"id":"geonames-1172451","name":"Lahore","country":"Pakistan","country_code":"PK","population":13004135,"lat":31.558,"lon":74.35071,"temp_c":26.8}},{"type":"Feature","geometry":{"type":"Point","coordinates":[72.88261,19.07283]},"properties":{"id":"geonames-1275339","name":"Mumbai","country":"India","country_code":"IN","population":12691836,"lat":19.07283,"lon":72.88261,"temp_c":28.1}},{"type":"Feature","geometry":{"type":"Point","coordinates":[-46.63611,-23.5475]},"properties":{"id":"geonames-3448439","name":"São Paulo","country":"Brazil","country_code":"BR","population":12400232,"lat":-23.5475,"lon":-46.63611,"temp_c":25.1}},{"type":"Feature","geometry":{"type":"Point","coordinates":[-99.12766,19.42847]},"properties":{"id":"geonames-3530597","name":"Mexico City","country":"Mexico","country_code":"MX","population":12294193,"lat":19.42847,"lon":-99.12766,"temp_c":20.4}},{"type":"Feature","geometry":{"type":"Point","coordinates":[67.0104,24.8608]},"properties":{"id":"geonames-1174872","name":"Karachi","country":"Pakistan","country_code":"PK","population":11624219,"lat":24.8608,"lon":67.0104,"temp_c":28.4}},{"type":"Feature","geometry":{"type":"Point","coordinates":[117.17667,39.14222]},"properties":{"id":"geonames-1792947","name":"Tianjin","country":"China","country_code":"CN","population":11090314,"lat":39.14222,"lon":117.17667,"temp_c":25.7}},{"type":"Feature","geometry":{"type":"Point","coordinates":[77.23149,28.65195]},"properties":{"id":"geonames-1273294","name":"Delhi","country":"India","country_code":"IN","population":11034555,"lat":28.65195,"lon":77.23149,"temp_c":28.7}},{"type":"Feature","geometry":{"type":"Point","coordinates":[114.26667,30.58333]},"properties":{"id":"geonames-1791247","name":"Wuhan","country":"China","country_code":"CN","population":10392693,"lat":30.58333,"lon":114.26667,"temp_c":29.5}},{"type":"Feature","geometry":{"type":"Point","coordinates":[37.61781,55.75204]},"properties":{"id":"geonames-524901","name":"Moscow","country":"Russia","country_code":"RU","population":10381222,"lat":55.75204,"lon":37.61781,"temp_c":26.4}},{"type":"Feature","geometry":{"type":"Point","coordinates":[90.40744,23.7104]},"properties":{"id":"geonames-1185241","name":"Dhaka","country":"Bangladesh","country_code":"BD","population":10356500,"lat":23.7104,"lon":90.40744,"temp_c":26.3}},{"type":"Feature","geometry":{"type":"Point","coordinates":[126.9784,37.566]},"properties":{"id":"geonames-1835848","name":"Seoul","country":"South Korea","country_code":"KR","population":10349312,"lat":37.566,"lon":126.9784,"temp_c":23.8}},{"type":"Feature","geometry":{"type":"Point","coordinates":[139.69171,35.6895]},"properties":{"id":"geonames-1850147","name":"Tokyo","country":"Japan","country_code":"JP","population":9733276,"lat":35.6895,"lon":139.69171,"temp_c":22.7}},{"type":"Feature","geometry":{"type":"Point","coordinates":[113.74866,23.01797]},"properties":{"id":"geonames-1812545","name":"Dongguan","country":"China","country_code":"CN","population":9644871,"lat":23.01797,"lon":113.74866,"temp_c":27.6}},{"type":"Feature","geometry":{"type":"Point","coordinates":[31.24967,30.06263]},"properties":{"id":"geonames-360630","name":"Cairo","country":"Egypt","country_code":"EG","population":9606916,"lat":30.06263,"lon":31.24967,"temp_c":33.1}},{"type":"Feature","geometry":{"type":"Point","coordinates":[108.92861,34.25833]},"properties":{"id":"geonames-1790630","name":"Xi’an","country":"China","country_code":"CN","population":9600000,"lat":34.25833,"lon":108.92861,"temp_c":30.7}},{"type":"Feature","geometry":{"type":"Point","coordinates":[28.04363,-26.20227]},"properties":{"id":"geonames-993800","name":"Johannesburg","country":"South Africa","country_code":"ZA","population":9418183,"lat":-26.20227,"lon":28.04363,"temp_c":12.9}},{"type":"Feature","geometry":{"type":"Point","coordinates":[118.77778,32.06167]},"properties":{"id":"geonames-1799962","name":"Nanjing","country":"China","country_code":"CN","population":9314685,"lat":32.06167,"lon":118.77778,"temp_c":26.8}},{"type":"Feature","geometry":{"type":"Point","coordinates":[120.16142,30.29365]},"properties":{"id":"geonames-1808926","name":"Hangzhou","country":"China","country_code":"CN","population":9236032,"lat":30.29365,"lon":120.16142,"temp_c":27}},{"type":"Feature","geometry":{"type":"Point","coordinates":[113.13148,23.02677]},"properties":{"id":"geonames-1811103","name":"Foshan","country":"China","country_code":"CN","population":9042509,"lat":23.02677,"lon":113.13148,"temp_c":27.2}},{"type":"Feature","geometry":{"type":"Point","coordinates":[-0.12574,51.50853]},"properties":{"id":"geonames-2643743","name":"London","country":"United Kingdom","country_code":"GB","population":8961989,"lat":51.50853,"lon":-0.12574,"temp_c":29}},{"type":"Feature","geometry":{"type":"Point","coordinates":[-74.00597,40.71427]},"properties":{"id":"geonames-5128581","name":"New York City","country":"United States","country_code":"US","population":8804190,"lat":40.71427,"lon":-74.00597,"temp_c":28.8}},{"type":"Feature","geometry":{"type":"Point","coordinates":[106.84513,-6.21462]},"properties":{"id":"geonames-1642911","name":"Jakarta","country":"Indonesia","country_code":"ID","population":8540121,"lat":-6.21462,"lon":106.84513,"temp_c":28.1}},{"type":"Feature","geometry":{"type":"Point","coordinates":[77.59369,12.97194]},"properties":{"id":"geonames-1277333","name":"Bengaluru","country":"India","country_code":"IN","population":8495492,"lat":12.97194,"lon":77.59369,"temp_c":21.7}},{"type":"Feature","geometry":{"type":"Point","coordinates":[105.84117,21.0245]},"properties":{"id":"geonames-1581130","name":"Hanoi","country":"Vietnam","country_code":"VN","population":8053663,"lat":21.0245,"lon":105.84117,"temp_c":26.9}},{"type":"Feature","geometry":{"type":"Point","coordinates":[121.52639,25.05306]},"properties":{"id":"geonames-1668341","name":"Taipei","country":"Taiwan","country_code":"TW","population":7871900,"lat":25.05306,"lon":121.52639,"temp_c":25.2}},{"type":"Feature","geometry":{"type":"Point","coordinates":[-77.02824,-12.04318]},"properties":{"id":"geonames-3936456","name":"Lima","country":"Peru","country_code":"PE","population":7737002,"lat":-12.04318,"lon":-77.02824,"temp_c":22.2}},{"type":"Feature","geometry":{"type":"Point","coordinates":[-74.08175,4.60971]},"properties":{"id":"geonames-3688689","name":"Bogotá","country":"Colombia","country_code":"CO","population":7674366,"lat":4.60971,"lon":-74.08175,"temp_c":18.2}},{"type":"Feature","geometry":{"type":"Point","coordinates":[106.55771,29.56026]},"properties":{"id":"geonames-1814906","name":"Chongqing","country":"China","country_code":"CN","population":7457599,"lat":29.56026,"lon":106.55771,"temp_c":30.8}},{"type":"Feature","geometry":{"type":"Point","coordinates":[114.17469,22.27832]},"properties":{"id":"geonames-1819729","name":"Hong Kong","country":"Hong Kong SAR China","country_code":"HK","population":7396076,"lat":22.27832,"lon":114.17469,"temp_c":28.3}},{"type":"Feature","geometry":{"type":"Point","coordinates":[44.40088,33.34058]},"properties":{"id":"geonames-98182","name":"Baghdad","country":"Iraq","country_code":"IQ","population":7216000,"lat":33.34058,"lon":44.40088,"temp_c":37.1}},{"type":"Feature","geometry":{"type":"Point","coordinates":[106.201,37.9867]},"properties":{"id":"geonames-1790842","name":"Wuzhong","country":"China","country_code":"CN","population":7202654,"lat":37.9867,"lon":106.201,"temp_c":20.3}},{"type":"Feature","geometry":{"type":"Point","coordinates":[120.38042,36.06488]},"properties":{"id":"geonames-1797929","name":"Qingdao","country":"China","country_code":"CN","population":7172451,"lat":36.06488,"lon":120.38042,"temp_c":24.9}},{"type":"Feature","geometry":{"type":"Point","coordinates":[51.42151,35.69439]},"properties":{"id":"geonames-112931","name":"Tehran","country":"Iran","country_code":"IR","population":7153309,"lat":35.69439,"lon":51.42151,"temp_c":33.7}},{"type":"Feature","geometry":{"type":"Point","coordinates":[123.43278,41.79222]},"properties":{"id":"geonames-2034937","name":"Shenyang","country":"China","country_code":"CN","population":7050000,"lat":41.79222,"lon":123.43278,"temp_c":24.7}},{"type":"Feature","geometry":{"type":"Point","coordinates":[78.45636,17.38405]},"properties":{"id":"geonames-1269843","name":"Hyderabad","country":"India","country_code":"IN","population":6993262,"lat":17.38405,"lon":78.45636,"temp_c":28.4}},{"type":"Feature","geometry":{"type":"Point","coordinates":[-43.18223,-22.90642]},"properties":{"id":"geonames-3451190","name":"Rio de Janeiro","country":"Brazil","country_code":"BR","population":6747815,"lat":-22.90642,"lon":-43.18223,"temp_c":25.4}},{"type":"Feature","geometry":{"type":"Point","coordinates":[120.59538,31.30408]},"properties":{"id":"geonames-1886760","name":"Suzhou","country":"China","country_code":"CN","population":6715559,"lat":31.30408,"lon":120.59538,"temp_c":26.4}},{"type":"Feature","geometry":{"type":"Point","coordinates":[121.46592,31.24414]},"properties":{"id":"geonames-11072148","name":"Puxi","country":"China","country_code":"CN","population":6683712,"lat":31.24414,"lon":121.46592,"temp_c":27}},{"type":"Feature","geometry":{"type":"Point","coordinates":[72.58727,23.02579]},"properties":{"id":"geonames-1279233","name":"Ahmedabad","country":"India","country_code":"IN","population":6357693,"lat":23.02579,"lon":72.58727,"temp_c":30.2}},{"type":"Feature","geometry":{"type":"Point","coordinates":[-4.00167,5.35444]},"properties":{"id":"geonames-2293538","name":"Abidjan","country":"Côte d’Ivoire","country_code":"CI","population":6321017,"lat":5.35444,"lon":-4.00167,"temp_c":25.5}},{"type":"Feature","geometry":{"type":"Point","coordinates":[121.50094,31.23995]},"properties":{"id":"geonames-1798524","name":"Pudong","country":"China","country_code":"CN","population":5681512,"lat":31.23995,"lon":121.50094,"temp_c":27}},{"type":"Feature","geometry":{"type":"Point","coordinates":[151.20732,-33.86785]},"properties":{"id":"geonames-2147714","name":"Sydney","country":"Australia","country_code":"AU","population":5638830,"lat":-33.86785,"lon":151.20732,"temp_c":8.3}},{"type":"Feature","geometry":{"type":"Point","coordinates":[103.85007,1.28967]},"properties":{"id":"geonames-1880252","name":"Singapore","country":"Singapore","country_code":"SG","population":5638700,"lat":1.28967,"lon":103.85007,"temp_c":28.2}},{"type":"Feature","geometry":{"type":"Point","coordinates":[144.96332,-37.814]},"properties":{"id":"geonames-2158177","name":"Melbourne","country":"Australia","country_code":"AU","population":5435590,"lat":-37.814,"lon":144.96332,"temp_c":8.2}},{"type":"Feature","geometry":{"type":"Point","coordinates":[39.26951,-6.82349]},"properties":{"id":"geonames-160263","name":"Dar es Salaam","country":"Tanzania","country_code":"TZ","population":5383728,"lat":-6.82349,"lon":39.26951,"temp_c":23.7}},{"type":"Feature","geometry":{"type":"Point","coordinates":[30.31413,59.93863]},"properties":{"id":"geonames-498817","name":"Saint Petersburg","country":"Russia","country_code":"RU","population":5351935,"lat":59.93863,"lon":30.31413,"temp_c":21.9}},{"type":"Feature","geometry":{"type":"Point","coordinates":[29.91582,31.20176]},"properties":{"id":"geonames-361058","name":"Alexandria","country":"Egypt","country_code":"EG","population":5263542,"lat":31.20176,"lon":29.91582,"temp_c":26.4}},{"type":"Feature","geometry":{"type":"Point","coordinates":[126.65,45.75]},"properties":{"id":"geonames-2037013","name":"Harbin","country":"China","country_code":"CN","population":5242897,"lat":45.75,"lon":126.65,"temp_c":21.7}},{"type":"Feature","geometry":{"type":"Point","coordinates":[100.50144,13.75398]},"properties":{"id":"geonames-1609350","name":"Bangkok","country":"Thailand","country_code":"TH","population":5104476,"lat":13.75398,"lon":100.50144,"temp_c":28.4}},{"type":"Feature","geometry":{"type":"Point","coordinates":[117.28083,31.86389]},"properties":{"id":"geonames-1808722","name":"Hefei","country":"China","country_code":"CN","population":5050000,"lat":31.86389,"lon":117.28083,"temp_c":27.7}},{"type":"Feature","geometry":{"type":"Point","coordinates":[121.60222,38.91222]},"properties":{"id":"geonames-1814087","name":"Dalian","country":"China","country_code":"CN","population":4913879,"lat":38.91222,"lon":121.60222,"temp_c":24.5}},{"type":"Feature","geometry":{"type":"Point","coordinates":[8.51672,12.00012]},"properties":{"id":"geonames-2335204","name":"Kano","country":"Nigeria","country_code":"NG","population":4910000,"lat":12.00012,"lon":8.51672,"temp_c":31.4}},{"type":"Feature","geometry":{"type":"Point","coordinates":[-70.64827,-33.45694]},"properties":{"id":"geonames-3871336","name":"Santiago","country":"Chile","country_code":"CL","population":4837295,"lat":-33.45694,"lon":-70.64827,"temp_c":17.1}},{"type":"Feature","geometry":{"type":"Point","coordinates":[18.42322,-33.92584]},"properties":{"id":"geonames-3369157","name":"Cape Town","country":"South Africa","country_code":"ZA","population":4772846,"lat":-33.92584,"lon":18.42322,"temp_c":13.5}},{"type":"Feature","geometry":{"type":"Point","coordinates":[71.57849,34.008]},"properties":{"id":"geonames-1168197","name":"Peshawar","country":"Pakistan","country_code":"PK","population":4758762,"lat":34.008,"lon":71.57849,"temp_c":35.7}},{"type":"Feature","geometry":{"type":"Point","coordinates":[125.32278,43.88]},"properties":{"id":"geonames-2038180","name":"Changchun","country":"China","country_code":"CN","population":4714996,"lat":43.88,"lon":125.32278,"temp_c":22.8}},{"type":"Feature","geometry":{"type":"Point","coordinates":[39.18624,21.49012]},"properties":{"id":"geonames-105343","name":"Jeddah","country":"Saudi Arabia","country_code":"SA","population":4697000,"lat":21.49012,"lon":39.18624,"temp_c":32.6}},{"type":"Feature","geometry":{"type":"Point","coordinates":[80.27847,13.08784]},"properties":{"id":"geonames-1264527","name":"Chennai","country":"India","country_code":"IN","population":4681087,"lat":13.08784,"lon":80.27847,"temp_c":27}},{"type":"Feature","geometry":{"type":"Point","coordinates":[88.36304,22.56263]},"properties":{"id":"geonames-1275004","name":"Kolkata","country":"India","country_code":"IN","population":4631392,"lat":22.56263,"lon":88.36304,"temp_c":27.6}},{"type":"Feature","geometry":{"type":"Point","coordinates":[118.08187,24.47979]},"properties":{"id":"geonames-1790645","name":"Xiamen","country":"China","country_code":"CN","population":4617251,"lat":24.47979,"lon":118.08187,"temp_c":29.9}},{"type":"Feature","geometry":{"type":"Point","coordinates":[72.83023,21.19594]},"properties":{"id":"geonames-1255364","name":"Surat","country":"India","country_code":"IN","population":4591246,"lat":21.19594,"lon":72.83023,"temp_c":28.5}},{"type":"Feature","geometry":{"type":"Point","coordinates":[96.15611,16.80528]},"properties":{"id":"geonames-1298824","name":"Yangon","country":"Myanmar (Burma)","country_code":"MM","population":4477638,"lat":16.80528,"lon":96.15611,"temp_c":26.8}},{"type":"Feature","geometry":{"type":"Point","coordinates":[113.88288,22.55213]},"properties":{"id":"geonames-13308620","name":"Bao'an","country":"China","country_code":"CN","population":4476554,"lat":22.55213,"lon":113.88288,"temp_c":28.8}},{"type":"Feature","geometry":{"type":"Point","coordinates":[69.17233,34.52813]},"properties":{"id":"geonames-1138958","name":"Kabul","country":"Afghanistan","country_code":"AF","population":4434550,"lat":34.52813,"lon":69.17233,"temp_c":25.4}},{"type":"Feature","geometry":{"type":"Point","coordinates":[36.81667,-1.28333]},"properties":{"id":"geonames-184745","name":"Nairobi","country":"Kenya","country_code":"KE","population":4397073,"lat":-1.28333,"lon":36.81667,"temp_c":18.5}},{"type":"Feature","geometry":{"type":"Point","coordinates":[120.28857,31.56887]},"properties":{"id":"geonames-1790923","name":"Wuxi","country":"China","country_code":"CN","population":4396835,"lat":31.56887,"lon":120.28857,"temp_c":26.4}},{"type":"Feature","geometry":{"type":"Point","coordinates":[31.20861,30.00944]},"properties":{"id":"geonames-360995","name":"Giza","country":"Egypt","country_code":"EG","population":4367343,"lat":30.00944,"lon":31.20861,"temp_c":33.1}},{"type":"Feature","geometry":{"type":"Point","coordinates":[116.99722,36.66833]},"properties":{"id":"geonames-1805753","name":"Jinan","country":"China","country_code":"CN","population":4335989,"lat":36.66833,"lon":116.99722,"temp_c":28.6}},{"type":"Feature","geometry":{"type":"Point","coordinates":[112.56028,37.86944]},"properties":{"id":"geonames-1793511","name":"Taiyuan","country":"China","country_code":"CN","population":4303673,"lat":37.86944,"lon":112.56028,"temp_c":24.1}},{"type":"Feature","geometry":{"type":"Point","coordinates":[113.64861,34.75778]},"properties":{"id":"geonames-1784658","name":"Zhengzhou","country":"China","country_code":"CN","population":4253913,"lat":34.75778,"lon":113.64861,"temp_c":31.2}},{"type":"Feature","geometry":{"type":"Point","coordinates":[-7.97522,12.60915]},"properties":{"id":"geonames-2460596","name":"Bamako","country":"Mali","country_code":"ML","population":4227569,"lat":12.60915,"lon":-7.97522,"temp_c":28.6}},{"type":"Feature","geometry":{"type":"Point","coordinates":[46.72185,24.68773]},"properties":{"id":"geonames-108410","name":"Riyadh","country":"Saudi Arabia","country_code":"SA","population":4205961,"lat":24.68773,"lon":46.72185,"temp_c":38.6}},{"type":"Feature","geometry":{"type":"Point","coordinates":[121.45703,25.06199]},"properties":{"id":"geonames-12908892","name":"New Taipei City","country":"Taiwan","country_code":"TW","population":4004367,"lat":25.06199,"lon":121.45703,"temp_c":24.8}},{"type":"Feature","geometry":{"type":"Point","coordinates":[114.11095,22.42441]},"properties":{"id":"geonames-12747063","name":"New Territories","country":"Hong Kong SAR China","country_code":"HK","population":3984077,"lat":22.42441,"lon":114.11095,"temp_c":26.6}},{"type":"Feature","geometry":{"type":"Point","coordinates":[114.47861,38.04139]},"properties":{"id":"geonames-1795270","name":"Shijiazhuang","country":"China","country_code":"CN","population":3938513,"lat":38.04139,"lon":114.47861,"temp_c":26.1}},{"type":"Feature","geometry":{"type":"Point","coordinates":[91.83168,22.3384]},"properties":{"id":"geonames-1205733","name":"Chattogram","country":"Bangladesh","country_code":"BD","population":3920222,"lat":22.3384,"lon":91.83168,"temp_c":25.9}},{"type":"Feature","geometry":{"type":"Point","coordinates":[38.74689,9.02497]},"properties":{"id":"geonames-344979","name":"Addis Ababa","country":"Ethiopia","country_code":"ET","population":3860000,"lat":9.02497,"lon":38.74689,"temp_c":14.5}},{"type":"Feature","geometry":{"type":"Point","coordinates":[102.71833,25.03889]},"properties":{"id":"geonames-1804651","name":"Kunming","country":"China","country_code":"CN","population":3855346,"lat":25.03889,"lon":102.71833,"temp_c":19.1}},{"type":"Feature","geometry":{"type":"Point","coordinates":[113.37912,22.52306]},"properties":{"id":"geonames-6986104","name":"Zhongshan","country":"China","country_code":"CN","population":3841873,"lat":22.52306,"lon":113.37912,"temp_c":27.2}},{"type":"Feature","geometry":{"type":"Point","coordinates":[108.31667,22.81667]},"properties":{"id":"geonames-1799869","name":"Nanning","country":"China","country_code":"CN","population":3839800,"lat":22.81667,"lon":108.31667,"temp_c":26.1}},{"type":"Feature","geometry":{"type":"Point","coordinates":[116.67876,23.35489]},"properties":{"id":"geonames-1795940","name":"Shantou","country":"China","country_code":"CN","population":3838900,"lat":23.35489,"lon":116.67876,"temp_c":27}},{"type":"Feature","geometry":{"type":"Point","coordinates":[-118.24368,34.05223]},"properties":{"id":"geonames-5368361","name":"Los Angeles","country":"United States","country_code":"US","population":3820914,"lat":34.05223,"lon":-118.24368,"temp_c":22.9}},{"type":"Feature","geometry":{"type":"Point","coordinates":[73.08969,31.41554]},"properties":{"id":"geonames-1179400","name":"Faisalabad","country":"Pakistan","country_code":"PK","population":3800193,"lat":31.41554,"lon":73.08969,"temp_c":33.1}},{"type":"Feature","geometry":{"type":"Point","coordinates":[55.30927,25.07725]},"properties":{"id":"geonames-292223","name":"Dubai","country":"United Arab Emirates","country_code":"AE","population":3790000,"lat":25.07725,"lon":55.30927,"temp_c":33.2}},{"type":"Feature","geometry":{"type":"Point","coordinates":[139.65,35.43333]},"properties":{"id":"geonames-1848354","name":"Yokohama","country":"Japan","country_code":"JP","population":3777491,"lat":35.43333,"lon":139.65,"temp_c":23.4}},{"type":"Feature","geometry":{"type":"Point","coordinates":[119.30611,26.06139]},"properties":{"id":"geonames-1810821","name":"Fuzhou","country":"China","country_code":"CN","population":3740000,"lat":26.06139,"lon":119.30611,"temp_c":28.5}},{"type":"Feature","geometry":{"type":"Point","coordinates":[121.54945,29.87819]},"properties":{"id":"geonames-1799397","name":"Ningbo","country":"China","country_code":"CN","population":3731203,"lat":29.87819,"lon":121.54945,"temp_c":27.3}},{"type":"Feature","geometry":{"type":"Point","coordinates":[-7.61138,33.58831]},"properties":{"id":"geonames-2553604","name":"Casablanca","country":"Morocco","country_code":"MA","population":3665954,"lat":33.58831,"lon":-7.61138,"temp_c":24.9}},{"type":"Feature","geometry":{"type":"Point","coordinates":[3.90591,7.37756]},"properties":{"id":"geonames-2339354","name":"Ibadan","country":"Nigeria","country_code":"NG","population":3649000,"lat":7.37756,"lon":3.90591,"temp_c":23.8}},{"type":"Feature","geometry":{"type":"Point","coordinates":[119.88872,29.45679]},"properties":{"id":"geonames-1798425","name":"Puyang","country":"China","country_code":"CN","population":3590000,"lat":29.45679,"lon":119.88872,"temp_c":25.8}},{"type":"Feature","geometry":{"type":"Point","coordinates":[32.85427,39.91987]},"properties":{"id":"geonames-323786","name":"Ankara","country":"Türkiye","country_code":"TR","population":3517182,"lat":39.91987,"lon":32.85427,"temp_c":25.1}},{"type":"Feature","geometry":{"type":"Point","coordinates":[110.77806,32.6475]},"properties":{"id":"geonames-1794903","name":"Shiyan","country":"China","country_code":"CN","population":3460000,"lat":32.6475,"lon":110.77806,"temp_c":29.1}},{"type":"Feature","geometry":{"type":"Point","coordinates":[13.41053,52.52437]},"properties":{"id":"geonames-2950159","name":"Berlin","country":"Germany","country_code":"DE","population":3426354,"lat":52.52437,"lon":13.41053,"temp_c":25.5}},{"type":"Feature","geometry":{"type":"Point","coordinates":[118.18319,39.64381]},"properties":{"id":"geonames-1793346","name":"Tangshan","country":"China","country_code":"CN","population":3372102,"lat":39.64381,"lon":118.18319,"temp_c":24.6}},{"type":"Feature","geometry":{"type":"Point","coordinates":[73.0479,33.59733]},"properties":{"id":"geonames-1166993","name":"Rawalpindi","country":"Pakistan","country_code":"PK","population":3357612,"lat":33.59733,"lon":73.0479,"temp_c":29.2}},{"type":"Feature","geometry":{"type":"Point","coordinates":[111.14436,37.5192]},"properties":{"id":"geonames-13512505","name":"Lüliang","country":"China","country_code":"CN","population":3346500,"lat":37.5192,"lon":111.14436,"temp_c":22.1}},{"type":"Feature","geometry":{"type":"Point","coordinates":[31.0292,-29.8579]},"properties":{"id":"geonames-1007311","name":"Durban","country":"South Africa","country_code":"ZA","population":3338026,"lat":-29.8579,"lon":31.0292,"temp_c":19.2}},{"type":"Feature","geometry":{"type":"Point","coordinates":[119.95401,31.77359]},"properties":{"id":"geonames-1815456","name":"Changzhou","country":"China","country_code":"CN","population":3290918,"lat":31.77359,"lon":119.95401,"temp_c":26.1}},{"type":"Feature","geometry":{"type":"Point","coordinates":[129.03004,35.10168]},"properties":{"id":"geonames-1838524","name":"Busan","country":"South Korea","country_code":"KR","population":3285147,"lat":35.10168,"lon":129.03004,"temp_c":24.5}},{"type":"Feature","geometry":{"type":"Point","coordinates":[-3.70256,40.4165]},"properties":{"id":"geonames-3117735","name":"Madrid","country":"Spain","country_code":"ES","population":3255944,"lat":40.4165,"lon":-3.70256,"temp_c":34.9}},{"type":"Feature","geometry":{"type":"Point","coordinates":[125.75432,39.03385]},"properties":{"id":"geonames-1871859","name":"Pyongyang","country":"North Korea","country_code":"KP","population":3222000,"lat":39.03385,"lon":125.75432,"temp_c":24}},{"type":"Feature","geometry":{"type":"Point","coordinates":[118.06333,36.79056]},"properties":{"id":"geonames-1785286","name":"Zibo","country":"China","country_code":"CN","population":3129228,"lat":36.79056,"lon":118.06333,"temp_c":29.1}},{"type":"Feature","geometry":{"type":"Point","coordinates":[73.85535,18.51957]},"properties":{"id":"geonames-1259229","name":"Pune","country":"India","country_code":"IN","population":3124458,"lat":18.51957,"lon":73.85535,"temp_c":23.3}},{"type":"Feature","geometry":{"type":"Point","coordinates":[29.06013,40.19559]},"properties":{"id":"geonames-750269","name":"Bursa","country":"Türkiye","country_code":"TR","population":3101833,"lat":40.19559,"lon":29.06013,"temp_c":24.4}},{"type":"Feature","geometry":{"type":"Point","coordinates":[112.97087,28.19874]},"properties":{"id":"geonames-1815577","name":"Changsha","country":"China","country_code":"CN","population":3093980,"lat":28.19874,"lon":112.97087,"temp_c":28.8}},{"type":"Feature","geometry":{"type":"Point","coordinates":[121.0509,14.6488]},"properties":{"id":"geonames-1692192","name":"Quezon City","country":"Philippines","country_code":"PH","population":3084270,"lat":14.6488,"lon":121.0509,"temp_c":27.1}},{"type":"Feature","geometry":{"type":"Point","coordinates":[75.78781,26.91962]},"properties":{"id":"geonames-1269515","name":"Jaipur","country":"India","country_code":"IN","population":3046163,"lat":26.91962,"lon":75.78781,"temp_c":28.8}},{"type":"Feature","geometry":{"type":"Point","coordinates":[106.71667,26.58333]},"properties":{"id":"geonames-1809461","name":"Guiyang","country":"China","country_code":"CN","population":3037159,"lat":26.58333,"lon":106.71667,"temp_c":21.8}},{"type":"Feature","geometry":{"type":"Point","coordinates":[87.60046,43.80096]},"properties":{"id":"geonames-1529102","name":"Ürümqi","country":"China","country_code":"CN","population":3029372,"lat":43.80096,"lon":87.60046,"temp_c":25.2}},{"type":"Feature","geometry":{"type":"Point","coordinates":[112.75083,-7.24917]},"properties":{"id":"geonames-1625822","name":"Surabaya","country":"Indonesia","country_code":"ID","population":3018022,"lat":-7.24917,"lon":112.75083,"temp_c":26.7}},{"type":"Feature","geometry":{"type":"Point","coordinates":[126.70515,37.45646]},"properties":{"id":"geonames-1843564","name":"Incheon","country":"South Korea","country_code":"KR","population":3015482,"lat":37.45646,"lon":126.70515,"temp_c":23.7}},{"type":"Feature","geometry":{"type":"Point","coordinates":[-66.87919,10.48801]},"properties":{"id":"geonames-3646738","name":"Caracas","country":"Venezuela","country_code":"VE","population":3000000,"lat":10.48801,"lon":-66.87919,"temp_c":27.7}},{"type":"Feature","geometry":{"type":"Point","coordinates":[103.83987,36.05701]},"properties":{"id":"geonames-1804430","name":"Lanzhou","country":"China","country_code":"CN","population":3000000,"lat":36.05701,"lon":103.83987,"temp_c":18.9}},{"type":"Feature","geometry":{"type":"Point","coordinates":[30.5238,50.45466]},"properties":{"id":"geonames-703448","name":"Kyiv","country":"Ukraine","country_code":"UA","population":2952301,"lat":50.45466,"lon":30.5238,"temp_c":18.8}},{"type":"Feature","geometry":{"type":"Point","coordinates":[27.13838,38.41273]},"properties":{"id":"geonames-311046","name":"İzmir","country":"Türkiye","country_code":"TR","population":2938292,"lat":38.41273,"lon":27.13838,"temp_c":26.7}},{"type":"Feature","geometry":{"type":"Point","coordinates":[114.41523,23.11147]},"properties":{"id":"geonames-1806776","name":"Huizhou","country":"China","country_code":"CN","population":2900113,"lat":23.11147,"lon":114.41523,"temp_c":27.1}},{"type":"Feature","geometry":{"type":"Point","coordinates":[-58.37723,-34.61315]},"properties":{"id":"geonames-3435910","name":"Buenos Aires","country":"Argentina","country_code":"AR","population":2891082,"lat":-34.61315,"lon":-58.37723,"temp_c":12.6}},{"type":"Feature","geometry":{"type":"Point","coordinates":[110.34651,20.03421]},"properties":{"id":"geonames-1809078","name":"Haikou","country":"China","country_code":"CN","population":2873358,"lat":20.03421,"lon":110.34651,"temp_c":26.8}},{"type":"Feature","geometry":{"type":"Point","coordinates":[120.6839,24.1469]},"properties":{"id":"geonames-1668399","name":"Taichung","country":"Taiwan","country_code":"TW","population":2850285,"lat":24.1469,"lon":120.6839,"temp_c":24.2}},{"type":"Feature","geometry":{"type":"Point","coordinates":[80.34975,26.46523]},"properties":{"id":"geonames-1267995","name":"Kanpur","country":"India","country_code":"IN","population":2823249,"lat":26.46523,"lon":80.34975,"temp_c":28.7}},{"type":"Feature","geometry":{"type":"Point","coordinates":[-79.39864,43.70643]},"properties":{"id":"geonames-6167865","name":"Toronto","country":"Canada","country_code":"CA","population":2794356,"lat":43.70643,"lon":-79.39864,"temp_c":25.3}},{"type":"Feature","geometry":{"type":"Point","coordinates":[-78.52495,-0.22985]},"properties":{"id":"geonames-3652462","name":"Quito","country":"Ecuador","country_code":"EC","population":2781641,"lat":-0.22985,"lon":-78.52495,"temp_c":18.3}},{"type":"Feature","geometry":{"type":"Point","coordinates":[153.02809,-27.46794]},"properties":{"id":"geonames-2174003","name":"Brisbane","country":"Australia","country_code":"AU","population":2780063,"lat":-27.46794,"lon":153.02809,"temp_c":10.4}},{"type":"Feature","geometry":{"type":"Point","coordinates":[13.23432,-8.83682]},"properties":{"id":"geonames-2240449","name":"Luanda","country":"Angola","country_code":"AO","population":2776168,"lat":-8.83682,"lon":13.23432,"temp_c":20.8}},{"type":"Feature","geometry":{"type":"Point","coordinates":[135.50107,34.69379]},"properties":{"id":"geonames-1853909","name":"Osaka","country":"Japan","country_code":"JP","population":2753862,"lat":34.69379,"lon":135.50107,"temp_c":24.5}},{"type":"Feature","geometry":{"type":"Point","coordinates":[118.34278,35.06306]},"properties":{"id":"geonames-1803318","name":"Linyi","country":"China","country_code":"CN","population":2743843,"lat":35.06306,"lon":118.34278,"temp_c":27.9}},{"type":"Feature","geometry":{"type":"Point","coordinates":[115.46246,38.87288]},"properties":{"id":"geonames-1816971","name":"Baoding","country":"China","country_code":"CN","population":2739887,"lat":38.87288,"lon":115.46246,"temp_c":24.5}},{"type":"Feature","geometry":{"type":"Point","coordinates":[120.31333,22.61626]},"properties":{"id":"geonames-1673820","name":"Kaohsiung","country":"Taiwan","country_code":"TW","population":2737660,"lat":22.61626,"lon":120.31333,"temp_c":27.9}},{"type":"Feature","geometry":{"type":"Point","coordinates":[-73.94958,40.6501]},"properties":{"id":"geonames-5110302","name":"Brooklyn","country":"United States","country_code":"US","population":2736074,"lat":40.6501,"lon":-73.94958,"temp_c":28.6}},{"type":"Feature","geometry":{"type":"Point","coordinates":[-79.88621,-2.19616]},"properties":{"id":"geonames-3657509","name":"Guayaquil","country":"Ecuador","country_code":"EC","population":2723665,"lat":-2.19616,"lon":-79.88621,"temp_c":31.2}},{"type":"Feature","geometry":{"type":"Point","coordinates":[-43.93778,-19.92083]},"properties":{"id":"geonames-3470127","name":"Belo Horizonte","country":"Brazil","country_code":"BR","population":2721564,"lat":-19.92083,"lon":-43.93778,"temp_c":25.9}},{"type":"Feature","geometry":{"type":"Point","coordinates":[121.37471,31.10881]},"properties":{"id":"geonames-1800480","name":"Minhang","country":"China","country_code":"CN","population":2716600,"lat":31.10881,"lon":121.37471,"temp_c":26.9}},{"type":"Feature","geometry":{"type":"Point","coordinates":[106.74432,31.8694]},"properties":{"id":"geonames-11995100","name":"Bazhong","country":"China","country_code":"CN","population":2712894,"lat":31.8694,"lon":106.74432,"temp_c":27.8}},{"type":"Feature","geometry":{"type":"Point","coordinates":[-38.49096,-12.97563]},"properties":{"id":"geonames-3450554","name":"Salvador","country":"Brazil","country_code":"BR","population":2711840,"lat":-12.97563,"lon":-38.49096,"temp_c":25.8}},{"type":"Feature","geometry":{"type":"Point","coordinates":[7.49508,9.05785]},"properties":{"id":"geonames-2352778","name":"Abuja","country":"Nigeria","country_code":"NG","population":2690000,"lat":9.05785,"lon":7.49508,"temp_c":23.2}},{"type":"Feature","geometry":{"type":"Point","coordinates":[90.42234,23.99844]},"properties":{"id":"geonames-1200109","name":"Gazipur","country":"Bangladesh","country_code":"BD","population":2674697,"lat":23.99844,"lon":90.42234,"temp_c":26.7}},{"type":"Feature","geometry":{"type":"Point","coordinates":[-87.65005,41.85003]},"properties":{"id":"geonames-4887398","name":"Chicago","country":"United States","country_code":"US","population":2664452,"lat":41.85003,"lon":-87.65005,"temp_c":24.4}},{"type":"Feature","geometry":{"type":"Point","coordinates":[120.66682,27.99942]},"properties":{"id":"geonames-1791388","name":"Wenzhou","country":"China","country_code":"CN","population":2650000,"lat":27.99942,"lon":120.66682,"temp_c":27.7}},{"type":"Feature","geometry":{"type":"Point","coordinates":[106.9896,-6.2349]},"properties":{"id":"geonames-1649378","name":"Bekasi","country":"Indonesia","country_code":"ID","population":2648272,"lat":-6.2349,"lon":106.9896,"temp_c":27.5}},{"type":"Feature","geometry":{"type":"Point","coordinates":[-17.44406,14.6937]},"properties":{"id":"geonames-2253354","name":"Dakar","country":"Senegal","country_code":"SN","population":2646503,"lat":14.6937,"lon":-17.44406,"temp_c":28}},{"type":"Feature","geometry":{"type":"Point","coordinates":[106.68345,20.86481]},"properties":{"id":"geonames-1581298","name":"Haiphong","country":"Vietnam","country_code":"VN","population":2625200,"lat":20.86481,"lon":106.68345,"temp_c":27}},{"type":"Feature","geometry":{"type":"Point","coordinates":[112.03809,22.92787]},"properties":{"id":"geonames-1785725","name":"Yunfu","country":"China","country_code":"CN","population":2612800,"lat":22.92787,"lon":112.03809,"temp_c":26.1}},{"type":"Feature","geometry":{"type":"Point","coordinates":[73.01582,19.03681]},"properties":{"id":"geonames-6619347","name":"Navi Mumbai","country":"India","country_code":"IN","population":2600000,"lat":19.03681,"lon":73.01582,"temp_c":27.2}},{"type":"Feature","geometry":{"type":"Point","coordinates":[45.34375,2.03711]},"properties":{"id":"geonames-53654","name":"Mogadishu","country":"Somalia","country_code":"SO","population":2587183,"lat":2.03711,"lon":45.34375,"temp_c":25.3}},{"type":"Feature","geometry":{"type":"Point","coordinates":[-1.62443,6.68848]},"properties":{"id":"geonames-2298890","name":"Kumasi","country":"Ghana","country_code":"GH","population":2544530,"lat":6.68848,"lon":-1.62443,"temp_c":23.9}},{"type":"Feature","geometry":{"type":"Point","coordinates":[107.60694,-6.92222]},"properties":{"id":"geonames-1650357","name":"Bandung","country":"Indonesia","country_code":"ID","population":2528163,"lat":-6.92222,"lon":107.60694,"temp_c":20.9}},{"type":"Feature","geometry":{"type":"Point","coordinates":[74.18705,32.15567]},"properties":{"id":"geonames-1177662","name":"Gujranwala","country":"Pakistan","country_code":"PK","population":2511118,"lat":32.15567,"lon":74.18705,"temp_c":27}},{"type":"Feature","geometry":{"type":"Point","coordinates":[119.01917,33.58861]},"properties":{"id":"geonames-1797873","name":"Huai'an","country":"China","country_code":"CN","population":2494013,"lat":33.58861,"lon":119.01917,"temp_c":26.5}},{"type":"Feature","geometry":{"type":"Point","coordinates":[98.66667,3.58333]},"properties":{"id":"geonames-1214520","name":"Medan","country":"Indonesia","country_code":"ID","population":2486283,"lat":3.58333,"lon":98.66667,"temp_c":25.5}},{"type":"Feature","geometry":{"type":"Point","coordinates":[80.92313,26.83928]},"properties":{"id":"geonames-1264733","name":"Lucknow","country":"India","country_code":"IN","population":2472011,"lat":26.83928,"lon":80.92313,"temp_c":26.9}},{"type":"Feature","geometry":{"type":"Point","coordinates":[-1.53388,12.36566]},"properties":{"id":"geonames-2357048","name":"Ouagadougou","country":"Burkina Faso","country_code":"BF","population":2415266,"lat":12.36566,"lon":-1.53388,"temp_c":30.4}},{"type":"Feature","geometry":{"type":"Point","coordinates":[79.08491,21.14631]},"properties":{"id":"geonames-1262180","name":"Nagpur","country":"India","country_code":"IN","population":2405665,"lat":21.14631,"lon":79.08491,"temp_c":27.6}},{"type":"Feature","geometry":{"type":"Point","coordinates":[-38.54306,-3.71722]},"properties":{"id":"geonames-3399415","name":"Fortaleza","country":"Brazil","country_code":"BR","population":2400000,"lat":-3.71722,"lon":-38.54306,"temp_c":28.3}},{"type":"Feature","geometry":{"type":"Point","coordinates":[-76.5199,3.43054]},"properties":{"id":"geonames-3687925","name":"Cali","country":"Colombia","country_code":"CO","population":2392877,"lat":3.43054,"lon":-76.5199,"temp_c":27.1}},{"type":"Feature","geometry":{"type":"Point","coordinates":[115.8614,-31.95224]},"properties":{"id":"geonames-2063523","name":"Perth","country":"Australia","country_code":"AU","population":2384371,"lat":-31.95224,"lon":115.8614,"temp_c":10.6}},{"type":"Feature","geometry":{"type":"Point","coordinates":[128.59111,35.87028]},"properties":{"id":"geonames-1835329","name":"Daegu","country":"South Korea","country_code":"KR","population":2365523,"lat":35.87028,"lon":128.59111,"temp_c":24.1}},{"type":"Feature","geometry":{"type":"Point","coordinates":[3.08746,36.73225]},"properties":{"id":"geonames-2507480","name":"Algiers","country":"Algeria","country_code":"DZ","population":2364230,"lat":36.73225,"lon":3.08746,"temp_c":30.2}},{"type":"Feature","geometry":{"type":"Point","coordinates":[115.85306,28.68396]},"properties":{"id":"geonames-1800163","name":"Nanchang","country":"China","country_code":"CN","population":2357839,"lat":28.68396,"lon":115.85306,"temp_c":30}},{"type":"Feature","geometry":{"type":"Point","coordinates":[49.89201,40.37767]},"properties":{"id":"geonames-587084","name":"Baku","country":"Azerbaijan","country_code":"AZ","population":2351300,"lat":40.37767,"lon":49.89201,"temp_c":25.2}},{"type":"Feature","geometry":{"type":"Point","coordinates":[111.65222,40.81056]},"properties":{"id":"geonames-2036892","name":"Hohhot","country":"China","country_code":"CN","population":2350000,"lat":40.81056,"lon":111.65222,"temp_c":17.2}},{"type":"Feature","geometry":{"type":"Point","coordinates":[136.90641,35.18147]},"properties":{"id":"geonames-1856057","name":"Nagoya","country":"Japan","country_code":"JP","population":2332176,"lat":35.18147,"lon":136.90641,"temp_c":23}},{"type":"Feature","geometry":{"type":"Point","coordinates":[12.51133,41.89193]},"properties":{"id":"geonames-3169070","name":"Rome","country":"Italy","country_code":"IT","population":2318895,"lat":41.89193,"lon":12.51133,"temp_c":30.6}},{"type":"Feature","geometry":{"type":"Point","coordinates":[-73.83652,40.68149]},"properties":{"id":"geonames-5133273","name":"Queens","country":"United States","country_code":"US","population":2316841,"lat":40.68149,"lon":-73.83652,"temp_c":29}},{"type":"Feature","geometry":{"type":"Point","coordinates":[-95.36327,29.76328]},"properties":{"id":"geonames-4699066","name":"Houston","country":"United States","country_code":"US","population":2314157,"lat":29.76328,"lon":-95.36327,"temp_c":28}},{"type":"Feature","geometry":{"type":"Point","coordinates":[59.60567,36.29807]},"properties":{"id":"geonames-124665","name":"Mashhad","country":"Iran","country_code":"IR","population":2307177,"lat":36.29807,"lon":59.60567,"temp_c":29}},{"type":"Feature","geometry":{"type":"Point","coordinates":[120.57864,30.00237]},"properties":{"id":"geonames-1795855","name":"Shaoxing","country":"China","country_code":"CN","population":2300000,"lat":30.00237,"lon":120.57864,"temp_c":26.7}},{"type":"Feature","geometry":{"type":"Point","coordinates":[120.87472,32.03028]},"properties":{"id":"geonames-1799722","name":"Nantong","country":"China","country_code":"CN","population":2273326,"lat":32.03028,"lon":120.87472,"temp_c":26.6}},{"type":"Feature","geometry":{"type":"Point","coordinates":[121.48956,31.40845]},"properties":{"id":"geonames-1816917","name":"Baoshan","country":"China","country_code":"CN","population":2265900,"lat":31.40845,"lon":121.48956,"temp_c":27.4}},{"type":"Feature","geometry":{"type":"Point","coordinates":[114.18333,22.31667]},"properties":{"id":"geonames-1819609","name":"Kowloon","country":"Hong Kong SAR China","country_code":"HK","population":2232339,"lat":22.31667,"lon":114.18333,"temp_c":27.7}},{"type":"Feature","geometry":{"type":"Point","coordinates":[121.44081,37.47649]},"properties":{"id":"geonames-1787093","name":"Yantai","country":"China","country_code":"CN","population":2227733,"lat":37.47649,"lon":121.44081,"temp_c":25.2}},{"type":"Feature","geometry":{"type":"Point","coordinates":[37.3825,37.05944]},"properties":{"id":"geonames-314830","name":"Gaziantep","country":"Türkiye","country_code":"TR","population":2222415,"lat":37.05944,"lon":37.3825,"temp_c":27.8}},{"type":"Feature","geometry":{"type":"Point","coordinates":[27.47938,-11.66089]},"properties":{"id":"geonames-922704","name":"Lubumbashi","country":"Congo - Kinshasa","country_code":"CD","population":2221925,"lat":-11.66089,"lon":27.47938,"temp_c":22.7}},{"type":"Feature","geometry":{"type":"Point","coordinates":[-60.025,-3.10194]},"properties":{"id":"geonames-3663517","name":"Manaus","country":"Brazil","country_code":"BR","population":2219580,"lat":-3.10194,"lon":-60.025,"temp_c":30.6}},{"type":"Feature","geometry":{"type":"Point","coordinates":[28.28713,-15.40669]},"properties":{"id":"geonames-909137","name":"Lusaka","country":"Zambia","country_code":"ZM","population":2212301,"lat":-15.40669,"lon":28.28713,"temp_c":18.5}},{"type":"Feature","geometry":{"type":"Point","coordinates":[-47.92972,-15.77972]},"properties":{"id":"geonames-3469058","name":"Brasília","country":"Brazil","country_code":"BR","population":2207718,"lat":-15.77972,"lon":-47.92972,"temp_c":26.7}},{"type":"Feature","geometry":{"type":"Point","coordinates":[113.56778,22.27694]},"properties":{"id":"geonames-1790437","name":"Zhuhai","country":"China","country_code":"CN","population":2207090,"lat":22.27694,"lon":113.56778,"temp_c":27.1}},{"type":"Feature","geometry":{"type":"Point","coordinates":[-69.89232,18.47186]},"properties":{"id":"geonames-3492908","name":"Santo Domingo","country":"Dominican Republic","country_code":"DO","population":2201941,"lat":18.47186,"lon":-69.89232,"temp_c":31.9}},{"type":"Feature","geometry":{"type":"Point","coordinates":[1.22154,6.12874]},"properties":{"id":"geonames-2365267","name":"Lomé","country":"Togo","country_code":"TG","population":2188376,"lat":6.12874,"lon":1.22154,"temp_c":25.6}},{"type":"Feature","geometry":{"type":"Point","coordinates":[71.47824,30.19679]},"properties":{"id":"geonames-1169825","name":"Multan","country":"Pakistan","country_code":"PK","population":2169915,"lat":30.19679,"lon":71.47824,"temp_c":35.3}},{"type":"Feature","geometry":{"type":"Point","coordinates":[-82.38304,23.13302]},"properties":{"id":"geonames-3553478","name":"Havana","country":"Cuba","country_code":"CU","population":2163824,"lat":23.13302,"lon":-82.38304,"temp_c":33.9}},{"type":"Feature","geometry":{"type":"Point","coordinates":[106.81861,-6.4]},"properties":{"id":"geonames-1645524","name":"Depok","country":"Indonesia","country_code":"ID","population":2163635,"lat":-6.4,"lon":106.81861,"temp_c":25.2}},{"type":"Feature","geometry":{"type":"Point","coordinates":[109.84389,40.6516]},"properties":{"id":"geonames-2038432","name":"Baotou","country":"China","country_code":"CN","population":2150000,"lat":40.6516,"lon":109.84389,"temp_c":19.1}},{"type":"Feature","geometry":{"type":"Point","coordinates":[2.3488,48.85341]},"properties":{"id":"geonames-2988507","name":"Paris","country":"France","country_code":"FR","population":2138551,"lat":48.85341,"lon":2.3488,"temp_c":35.3}},{"type":"Feature","geometry":{"type":"Point","coordinates":[76.96612,11.00555]},"properties":{"id":"geonames-1273865","name":"Coimbatore","country":"India","country_code":"IN","population":2136916,"lat":11.00555,"lon":76.96612,"temp_c":23.3}},{"type":"Feature","geometry":{"type":"Point","coordinates":[107.64455,35.70976]},"properties":{"id":"geonames-12359313","name":"Qingyang","country":"China","country_code":"CN","population":2125400,"lat":35.70976,"lon":107.64455,"temp_c":18.7}},{"type":"Feature","geometry":{"type":"Point","coordinates":[7.0134,4.77742]},"properties":{"id":"geonames-2324774","name":"Port Harcourt","country":"Nigeria","country_code":"NG","population":2120000,"lat":4.77742,"lon":7.0134,"temp_c":27.1}},{"type":"Feature","geometry":{"type":"Point","coordinates":[28.18783,-25.74486]},"properties":{"id":"geonames-964137","name":"Pretoria","country":"South Africa","country_code":"ZA","population":2112693,"lat":-25.74486,"lon":28.18783,"temp_c":14.2}},{"type":"Feature","geometry":{"type":"Point","coordinates":[-64.18853,-31.40648]},"properties":{"id":"geonames-3860259","name":"Córdoba","country":"Argentina","country_code":"AR","population":2106734,"lat":-31.40648,"lon":-64.18853,"temp_c":15.3}},{"type":"Feature","geometry":{"type":"Point","coordinates":[23.58979,-6.13603]},"properties":{"id":"geonames-209228","name":"Mbuji-Mayi","country":"Congo - Kinshasa","country_code":"CD","population":2101332,"lat":-6.13603,"lon":23.58979,"temp_c":31.5}},{"type":"Feature","geometry":{"type":"Point","coordinates":[37.16117,36.20124]},"properties":{"id":"geonames-170063","name":"Aleppo","country":"Syria","country_code":"SY","population":2098210,"lat":36.20124,"lon":37.16117,"temp_c":28.4}},{"type":"Feature","geometry":{"type":"Point","coordinates":[120.95431,31.37762]},"properties":{"id":"geonames-1785623","name":"Kunshan","country":"China","country_code":"CN","population":2092496,"lat":31.37762,"lon":120.95431,"temp_c":26.5}},{"type":"Feature","geometry":{"type":"Point","coordinates":[43.10555,36.33271]},"properties":{"id":"geonames-99071","name":"Al Mawşil al Jadīdah","country":"Iraq","country_code":"IQ","population":2065597,"lat":36.33271,"lon":43.10555,"temp_c":37.1}},{"type":"Feature","geometry":{"type":"Point","coordinates":[119.10194,36.71]},"properties":{"id":"geonames-1791681","name":"Weifang","country":"China","country_code":"CN","population":2044028,"lat":36.71,"lon":119.10194,"temp_c":27.6}},{"type":"Feature","geometry":{"type":"Point","coordinates":[106.90722,27.68667]},"properties":{"id":"geonames-1783621","name":"Zunyi","country":"China","country_code":"CN","population":2037775,"lat":27.68667,"lon":106.90722,"temp_c":23.7}},{"type":"Feature","geometry":{"type":"Point","coordinates":[47.81507,30.50316]},"properties":{"id":"geonames-388349","name":"Al Başrah al Qadīmah","country":"Iraq","country_code":"IQ","population":2015483,"lat":30.50316,"lon":47.81507,"temp_c":40.5}},{"type":"Feature","geometry":{"type":"Point","coordinates":[-68.15,-16.5]},"properties":{"id":"geonames-3911925","name":"La Paz","country":"Bolivia","country_code":"BO","population":2004652,"lat":-16.5,"lon":-68.15,"temp_c":14.8}},{"type":"Feature","geometry":{"type":"Point","coordinates":[119.21556,34.59845]},"properties":{"id":"geonames-10859300","name":"Lianyungang","country":"China","country_code":"CN","population":2001009,"lat":34.59845,"lon":119.21556,"temp_c":26.5}},{"type":"Feature","geometry":{"type":"Point","coordinates":[-75.57151,6.245]},"properties":{"id":"geonames-3674962","name":"Medellín","country":"Colombia","country_code":"CO","population":1999979,"lat":6.245,"lon":-75.57151,"temp_c":29}},{"type":"Feature","geometry":{"type":"Point","coordinates":[75.8333,22.71792]},"properties":{"id":"geonames-1269743","name":"Indore","country":"India","country_code":"IN","population":1994397,"lat":22.71792,"lon":75.8333,"temp_c":25.9}},{"type":"Feature","geometry":{"type":"Point","coordinates":[15.28318,-4.26613]},"properties":{"id":"geonames-2260535","name":"Brazzaville","country":"Congo - Brazzaville","country_code":"CG","population":1982000,"lat":-4.26613,"lon":15.28318,"temp_c":28.4}},{"type":"Feature","geometry":{"type":"Point","coordinates":[69.21627,41.26465]},"properties":{"id":"geonames-1512569","name":"Tashkent","country":"Uzbekistan","country_code":"UZ","population":1978028,"lat":41.26465,"lon":69.21627,"temp_c":32.7}},{"type":"Feature","geometry":{"type":"Point","coordinates":[114.9326,25.84664]},"properties":{"id":"geonames-1810638","name":"Ganzhou","country":"China","country_code":"CN","population":1977253,"lat":25.84664,"lon":114.9326,"temp_c":28.4}},{"type":"Feature","geometry":{"type":"Point","coordinates":[76.9115,43.25249]},"properties":{"id":"geonames-1526384","name":"Almaty","country":"Kazakhstan","country_code":"KZ","population":1977011,"lat":43.25249,"lon":76.9115,"temp_c":23.2}},{"type":"Feature","geometry":{"type":"Point","coordinates":[32.53241,15.55177]},"properties":{"id":"geonames-379252","name":"Khartoum","country":"Sudan","country_code":"SD","population":1974647,"lat":15.55177,"lon":32.53241,"temp_c":37}},{"type":"Feature","geometry":{"type":"Point","coordinates":[9.99302,53.55073]},"properties":{"id":"geonames-2911298","name":"Hamburg","country":"Germany","country_code":"DE","population":1973896,"lat":53.55073,"lon":9.99302,"temp_c":24.1}},{"type":"Feature","geometry":{"type":"Point","coordinates":[141.35,43.06667]},"properties":{"id":"geonames-2128295","name":"Sapporo","country":"Japan","country_code":"JP","population":1973832,"lat":43.06667,"lon":141.35,"temp_c":20.6}},{"type":"Feature","geometry":{"type":"Point","coordinates":[121.22326,31.03443]},"properties":{"id":"geonames-1794035","name":"Songjiang","country":"China","country_code":"CN","population":1973500,"lat":31.03443,"lon":121.22326,"temp_c":26.7}},{"type":"Feature","geometry":{"type":"Point","coordinates":[-0.1969,5.55602]},"properties":{"id":"geonames-2306104","name":"Accra","country":"Ghana","country_code":"GH","population":1963264,"lat":5.55602,"lon":-0.1969,"temp_c":26.1}},{"type":"Feature","geometry":{"type":"Point","coordinates":[-49.27306,-25.42778]},"properties":{"id":"geonames-3464975","name":"Curitiba","country":"Brazil","country_code":"BR","population":1948626,"lat":-25.42778,"lon":-49.27306,"temp_c":23.4}},{"type":"Feature","geometry":{"type":"Point","coordinates":[109.78157,39.6086]},"properties":{"id":"geonames-8347664","name":"Ordos","country":"China","country_code":"CN","population":1940653,"lat":39.6086,"lon":109.78157,"temp_c":19.2}},{"type":"Feature","geometry":{"type":"Point","coordinates":[44.20646,15.35452]},"properties":{"id":"geonames-71137","name":"Sanaa","country":"Yemen","country_code":"YE","population":1937451,"lat":15.35452,"lon":44.20646,"temp_c":23.4}},{"type":"Feature","geometry":{"type":"Point","coordinates":[-13.67729,9.53795]},"properties":{"id":"geonames-2422465","name":"Conakry","country":"Guinea","country_code":"GN","population":1928389,"lat":9.53795,"lon":-13.67729,"temp_c":27.2}},{"type":"Feature","geometry":{"type":"Point","coordinates":[106.63,-6.17806]},"properties":{"id":"geonames-1625084","name":"Tangerang","country":"Indonesia","country_code":"ID","population":1927815,"lat":-6.17806,"lon":106.63,"temp_c":25.7}},{"type":"Feature","geometry":{"type":"Point","coordinates":[-117.00371,32.5027]},"properties":{"id":"geonames-3981609","name":"Tijuana","country":"Mexico","country_code":"MX","population":1922523,"lat":32.5027,"lon":-117.00371,"temp_c":21.2}},{"type":"Feature","geometry":{"type":"Point","coordinates":[68.37718,25.39689]},"properties":{"id":"geonames-1176734","name":"Hyderabad","country":"Pakistan","country_code":"PK","population":1921275,"lat":25.39689,"lon":68.37718,"temp_c":29.4}},{"type":"Feature","geometry":{"type":"Point","coordinates":[35.50157,33.89332]},"properties":{"id":"geonames-276781","name":"Beirut","country":"Lebanon","country_code":"LB","population":1916100,"lat":33.89332,"lon":35.50157,"temp_c":26.3}},{"type":"Feature","geometry":{"type":"Point","coordinates":[116.36581,23.5418]},"properties":{"id":"geonames-1797121","name":"Jieyang","country":"China","country_code":"CN","population":1899394,"lat":23.5418,"lon":116.36581,"temp_c":27.2}},{"type":"Feature","geometry":{"type":"Point","coordinates":[126.5608,43.84652]},"properties":{"id":"geonames-2036502","name":"Jilin","country":"China","country_code":"CN","population":1895865,"lat":43.84652,"lon":126.5608,"temp_c":21.2}},{"type":"Feature","geometry":{"type":"Point","coordinates":[121.24465,31.38575]},"properties":{"id":"geonames-1806508","name":"Jiading","country":"China","country_code":"CN","population":1886100,"lat":31.38575,"lon":121.24465,"temp_c":26.6}},{"type":"Feature","geometry":{"type":"Point","coordinates":[26.10626,44.43225]},"properties":{"id":"geonames-683506","name":"Bucharest","country":"Romania","country_code":"RO","population":1877155,"lat":44.43225,"lon":26.10626,"temp_c":25.1}},{"type":"Feature","geometry":{"type":"Point","coordinates":[-13.68778,9.535]},"properties":{"id":"geonames-2422488","name":"Camayenne","country":"Guinea","country_code":"GN","population":1871242,"lat":9.535,"lon":-13.68778,"temp_c":27.2}},{"type":"Feature","geometry":{"type":"Point","coordinates":[34.75229,0.28422]},"properties":{"id":"geonames-195272","name":"Kakamega","country":"Kenya","country_code":"KE","population":1867579,"lat":0.28422,"lon":34.75229,"temp_c":20.1}},{"type":"Feature","geometry":{"type":"Point","coordinates":[115.65613,34.4143]},"properties":{"id":"geonames-1796134","name":"Shangqiu","country":"China","country_code":"CN","population":1859723,"lat":34.4143,"lon":115.65613,"temp_c":30.5}},{"type":"Feature","geometry":{"type":"Point","coordinates":[106.08473,30.79508]},"properties":{"id":"geonames-1800146","name":"Nanchong","country":"China","country_code":"CN","population":1858875,"lat":30.79508,"lon":106.08473,"temp_c":30.2}},{"type":"Feature","geometry":{"type":"Point","coordinates":[120.21333,22.99083]},"properties":{"id":"geonames-1668355","name":"Tainan","country":"Taiwan","country_code":"TW","population":1856642,"lat":22.99083,"lon":120.21333,"temp_c":27.7}},{"type":"Feature","geometry":{"type":"Point","coordinates":[113.29139,40.09361]},"properties":{"id":"geonames-2037799","name":"Datong","country":"China","country_code":"CN","population":1850000,"lat":40.09361,"lon":113.29139,"temp_c":20}},{"type":"Feature","geometry":{"type":"Point","coordinates":[7.43879,10.52641]},"properties":{"id":"geonames-2335727","name":"Kaduna","country":"Nigeria","country_code":"NG","population":1850000,"lat":10.52641,"lon":7.43879,"temp_c":23.7}},{"type":"Feature","geometry":{"type":"Point","coordinates":[32.47773,15.64453]},"properties":{"id":"geonames-365137","name":"Omdurman","country":"Sudan","country_code":"SD","population":1849659,"lat":15.64453,"lon":32.47773,"temp_c":37.2}},{"type":"Feature","geometry":{"type":"Point","coordinates":[125.61278,7.07306]},"properties":{"id":"geonames-1715348","name":"Davao","country":"Philippines","country_code":"PH","population":1848947,"lat":7.07306,"lon":125.61278,"temp_c":25.1}},{"type":"Feature","geometry":{"type":"Point","coordinates":[72.96355,19.19704]},"properties":{"id":"geonames-1254661","name":"Thāne","country":"India","country_code":"IN","population":1841488,"lat":19.19704,"lon":72.96355,"temp_c":27.1}},{"type":"Feature","geometry":{"type":"Point","coordinates":[-99.06224,19.35529]},"properties":{"id":"geonames-3526683","name":"Iztapalapa","country":"Mexico","country_code":"MX","population":1835486,"lat":19.35529,"lon":-99.06224,"temp_c":20.6}},{"type":"Feature","geometry":{"type":"Point","coordinates":[40.21721,37.91363]},"properties":{"id":"geonames-316541","name":"Diyarbakır","country":"Türkiye","country_code":"TR","population":1833684,"lat":37.91363,"lon":40.21721,"temp_c":32.8}},{"type":"Feature","geometry":{"type":"Point","coordinates":[-63.18117,-17.78629]},"properties":{"id":"geonames-3904906","name":"Santa Cruz de la Sierra","country":"Bolivia","country_code":"BO","population":1831434,"lat":-17.78629,"lon":-63.18117,"temp_c":27.9}},{"type":"Feature","geometry":{"type":"Point","coordinates":[73.20812,22.29941]},"properties":{"id":"geonames-1253573","name":"Vadodara","country":"India","country_code":"IN","population":1822221,"lat":22.29941,"lon":73.20812,"temp_c":28.9}},{"type":"Feature","geometry":{"type":"Point","coordinates":[35.32531,36.98615]},"properties":{"id":"geonames-325363","name":"Adana","country":"Türkiye","country_code":"TR","population":1816750,"lat":36.98615,"lon":35.32531,"temp_c":27.6}},{"type":"Feature","geometry":{"type":"Point","coordinates":[112.54659,33.00524]},"properties":{"id":"geonames-1799629","name":"Nanyang","country":"China","country_code":"CN","population":1811812,"lat":33.00524,"lon":112.54659,"temp_c":30.4}},{"type":"Feature","geometry":{"type":"Point","coordinates":[54.39696,24.45118]},"properties":{"id":"geonames-292968","name":"Abu Dhabi","country":"United Arab Emirates","country_code":"AE","population":1807000,"lat":24.45118,"lon":54.39696,"temp_c":33.2}},{"type":"Feature","geometry":{"type":"Point","coordinates":[104.7458,-2.91673]},"properties":{"id":"geonames-1633070","name":"Palembang","country":"Indonesia","country_code":"ID","population":1801367,"lat":-2.91673,"lon":104.7458,"temp_c":26.4}},{"type":"Feature","geometry":{"type":"Point","coordinates":[55.41221,25.3342]},"properties":{"id":"geonames-292672","name":"Sharjah","country":"United Arab Emirates","country_code":"AE","population":1800000,"lat":25.3342,"lon":55.41221,"temp_c":32.7}},{"type":"Feature","geometry":{"type":"Point","coordinates":[77.40289,23.25469]},"properties":{"id":"geonames-1275841","name":"Bhopal","country":"India","country_code":"IN","population":1798218,"lat":23.25469,"lon":77.40289,"temp_c":26.9}},{"type":"Feature","geometry":{"type":"Point","coordinates":[113.08333,22.58333]},"properties":{"id":"geonames-1806299","name":"Jiangmen","country":"China","country_code":"CN","population":1795459,"lat":22.58333,"lon":113.08333,"temp_c":26.9}},{"type":"Feature","geometry":{"type":"Point","coordinates":[5.62575,6.33815]},"properties":{"id":"geonames-2347283","name":"Benin City","country":"Nigeria","country_code":"NG","population":1782000,"lat":6.33815,"lon":5.62575,"temp_c":25.1}},{"type":"Feature","geometry":{"type":"Point","coordinates":[120.26302,31.91102]},"properties":{"id":"geonames-1815251","name":"Jiangyin","country":"China","country_code":"CN","population":1779515,"lat":31.91102,"lon":120.26302,"temp_c":26.4}},{"type":"Feature","geometry":{"type":"Point","coordinates":[115.81667,32.9]},"properties":{"id":"geonames-1810845","name":"Fuyang","country":"China","country_code":"CN","population":1768947,"lat":32.9,"lon":115.81667,"temp_c":29.2}},{"type":"Feature","geometry":{"type":"Point","coordinates":[-73.58781,45.50884]},"properties":{"id":"geonames-6077243","name":"Montréal","country":"Canada","country_code":"CA","population":1762949,"lat":45.50884,"lon":-73.58781,"temp_c":23.7}},{"type":"Feature","geometry":{"type":"Point","coordinates":[107.38599,40.74143]},"properties":{"id":"geonames-11838258","name":"Bayan Nur","country":"China","country_code":"CN","population":1760000,"lat":40.74143,"lon":107.38599,"temp_c":21.4}},{"type":"Feature","geometry":{"type":"Point","coordinates":[-71.61089,10.64232]},"properties":{"id":"geonames-3633009","name":"Maracaibo","country":"Venezuela","country_code":"VE","population":1752602,"lat":10.64232,"lon":-71.61089,"temp_c":34.4}},{"type":"Feature","geometry":{"type":"Point","coordinates":[116.62262,23.65396]},"properties":{"id":"geonames-1815395","name":"Chaozhou","country":"China","country_code":"CN","population":1750945,"lat":23.65396,"lon":116.62262,"temp_c":26.9}},{"type":"Feature","geometry":{"type":"Point","coordinates":[27.56653,53.90019]},"properties":{"id":"geonames-625144","name":"Minsk","country":"Belarus","country_code":"BY","population":1742124,"lat":53.90019,"lon":27.56653,"temp_c":20.4}},{"type":"Feature","geometry":{"type":"Point","coordinates":[19.04045,47.49835]},"properties":{"id":"geonames-3054643","name":"Budapest","country":"Hungary","country_code":"HU","population":1741041,"lat":47.49835,"lon":19.04045,"temp_c":28.5}},{"type":"Feature","geometry":{"type":"Point","coordinates":[113.03333,23.7]},"properties":{"id":"geonames-1797945","name":"Qingyuan","country":"China","country_code":"CN","population":1738424,"lat":23.7,"lon":113.03333,"temp_c":27.1}},{"type":"Feature","geometry":{"type":"Point","coordinates":[117.12,36.18528]},"properties":{"id":"geonames-1793724","name":"Tai’an","country":"China","country_code":"CN","population":1735425,"lat":36.18528,"lon":117.12,"temp_c":25}},{"type":"Feature","geometry":{"type":"Point","coordinates":[83.31622,17.73308]},"properties":{"id":"geonames-1258393","name":"Rasapūdipalem","country":"India","country_code":"IN","population":1728128,"lat":17.73308,"lon":83.31622,"temp_c":28.5}},{"type":"Feature","geometry":{"type":"Point","coordinates":[73.80375,18.61867]},"properties":{"id":"geonames-7626690","name":"Pimpri-Chinchwad","country":"India","country_code":"IN","population":1727692,"lat":18.61867,"lon":73.80375,"temp_c":23.3}},{"type":"Feature","geometry":{"type":"Point","coordinates":[120.96788,14.64953]},"properties":{"id":"geonames-1720151","name":"Caloocan","country":"Philippines","country_code":"PH","population":1712945,"lat":14.64953,"lon":120.96788,"temp_c":27.1}},{"type":"Feature","geometry":{"type":"Point","coordinates":[21.01178,52.22977]},"properties":{"id":"geonames-756135","name":"Warsaw","country":"Poland","country_code":"PL","population":1702139,"lat":52.22977,"lon":21.01178,"temp_c":17.7}},{"type":"Feature","geometry":{"type":"Point","coordinates":[27.85849,-26.26781]},"properties":{"id":"geonames-953781","name":"Soweto","country":"South Africa","country_code":"ZA","population":1695047,"lat":-26.26781,"lon":27.85849,"temp_c":13}},{"type":"Feature","geometry":{"type":"Point","coordinates":[110.42083,-6.99306]},"properties":{"id":"geonames-1627896","name":"Semarang","country":"Indonesia","country_code":"ID","population":1694740,"lat":-6.99306,"lon":110.42083,"temp_c":26}},{"type":"Feature","geometry":{"type":"Point","coordinates":[-98.20723,19.04778]},"properties":{"id":"geonames-3521081","name":"Puebla","country":"Mexico","country_code":"MX","population":1692181,"lat":19.04778,"lon":-98.20723,"temp_c":21}},{"type":"Feature","geometry":{"type":"Point","coordinates":[16.37208,48.20849]},"properties":{"id":"geonames-2761369","name":"Vienna","country":"Austria","country_code":"AT","population":1691468,"lat":48.20849,"lon":16.37208,"temp_c":28.6}},{"type":"Feature","geometry":{"type":"Point","coordinates":[2.15899,41.38879]},"properties":{"id":"geonames-3128760","name":"Barcelona","country":"Spain","country_code":"ES","population":1686208,"lat":41.38879,"lon":2.15899,"temp_c":27.6}},{"type":"Feature","geometry":{"type":"Point","coordinates":[85.13563,25.59408]},"properties":{"id":"geonames-1260086","name":"Patna","country":"India","country_code":"IN","population":1684297,"lat":25.59408,"lon":85.13563,"temp_c":27.5}},{"type":"Feature","geometry":{"type":"Point","coordinates":[43.11889,36.335]},"properties":{"id":"geonames-99072","name":"Mosul","country":"Iraq","country_code":"IQ","population":1683000,"lat":36.335,"lon":43.11889,"temp_c":37.2}},{"type":"Feature","geometry":{"type":"Point","coordinates":[78.95925,11.73379]},"properties":{"id":"geonames-12165956","name":"Kallakurichi","country":"India","country_code":"IN","population":1682687,"lat":11.73379,"lon":78.95925,"temp_c":27.7}},{"type":"Feature","geometry":{"type":"Point","coordinates":[32.58219,0.31628]},"properties":{"id":"geonames-232422","name":"Kampala","country":"Uganda","country_code":"UG","population":1680600,"lat":0.31628,"lon":32.58219,"temp_c":22.6}},{"type":"Feature","geometry":{"type":"Point","coordinates":[101.75739,36.62554]},"properties":{"id":"geonames-1788852","name":"Xining","country":"China","country_code":"CN","population":1677177,"lat":36.62554,"lon":101.75739,"temp_c":14.6}},{"type":"Feature","geometry":{"type":"Point","coordinates":[120.74221,31.64615]},"properties":{"id":"geonames-7283386","name":"Changshu","country":"China","country_code":"CN","population":1677050,"lat":31.64615,"lon":120.74221,"temp_c":26.1}},{"type":"Feature","geometry":{"type":"Point","coordinates":[116.99694,32.62639]},"properties":{"id":"geonames-1807681","name":"Huainan","country":"China","country_code":"CN","population":1666826,"lat":32.62639,"lon":116.99694,"temp_c":28.5}},{"type":"Feature","geometry":{"type":"Point","coordinates":[-6.83255,34.01325]},"properties":{"id":"geonames-2538475","name":"Rabat","country":"Morocco","country_code":"MA","population":1655753,"lat":34.01325,"lon":-6.83255,"temp_c":25.1}},{"type":"Feature","geometry":{"type":"Point","coordinates":[-34.88111,-8.05389]},"properties":{"id":"geonames-3390760","name":"Recife","country":"Brazil","country_code":"BR","population":1653461,"lat":-8.05389,"lon":-34.88111,"temp_c":26.9}},{"type":"Feature","geometry":{"type":"Point","coordinates":[-112.07404,33.44838]},"properties":{"id":"geonames-5308655","name":"Phoenix","country":"United States","country_code":"US","population":1650070,"lat":33.44838,"lon":-112.07404,"temp_c":37.3}},{"type":"Feature","geometry":{"type":"Point","coordinates":[116.97889,33.63611]},"properties":{"id":"geonames-1793743","name":"Suzhou","country":"China","country_code":"CN","population":1647642,"lat":33.63611,"lon":116.97889,"temp_c":28.6}},{"type":"Feature","geometry":{"type":"Point","coordinates":[-99.06064,19.60492]},"properties":{"id":"geonames-3529612","name":"Ecatepec de Morelos","country":"Mexico","country_code":"MX","population":1645352,"lat":19.60492,"lon":-99.06064,"temp_c":20}},{"type":"Feature","geometry":{"type":"Point","coordinates":[116.51688,31.73561]},"properties":{"id":"geonames-1802206","name":"Lu’an","country":"China","country_code":"CN","population":1644344,"lat":31.73561,"lon":116.51688,"temp_c":28.4}},{"type":"Feature","geometry":{"type":"Point","coordinates":[-68.00044,10.16153]},"properties":{"id":"geonames-3625549","name":"Valencia","country":"Venezuela","country_code":"VE","population":1619470,"lat":10.16153,"lon":-68.00044,"temp_c":30.6}},{"type":"Feature","geometry":{"type":"Point","coordinates":[75.85379,30.91204]},"properties":{"id":"geonames-1264728","name":"Ludhiana","country":"India","country_code":"IN","population":1618879,"lat":30.91204,"lon":75.85379,"temp_c":28.5}},{"type":"Feature","geometry":{"type":"Point","coordinates":[120.1573,33.3575]},"properties":{"id":"geonames-1787746","name":"Yancheng","country":"China","country_code":"CN","population":1615717,"lat":33.3575,"lon":120.1573,"temp_c":25.7}},{"type":"Feature","geometry":{"type":"Point","coordinates":[82.93175,55.02259]},"properties":{"id":"geonames-1496747","name":"Novosibirsk","country":"Russia","country_code":"RU","population":1612833,"lat":55.02259,"lon":82.93175,"temp_c":20.8}},{"type":"Feature","geometry":{"type":"Point","coordinates":[44.00943,36.19117]},"properties":{"id":"geonames-95446","name":"Erbil","country":"Iraq","country_code":"IQ","population":1612700,"lat":36.19117,"lon":44.00943,"temp_c":35.5}},{"type":"Feature","geometry":{"type":"Point","coordinates":[130.41667,33.6]},"properties":{"id":"geonames-1863967","name":"Fukuoka","country":"Japan","country_code":"JP","population":1612392,"lat":33.6,"lon":130.41667,"temp_c":26.3}},{"type":"Feature","geometry":{"type":"Point","coordinates":[119.90812,32.49069]},"properties":{"id":"geonames-1793505","name":"Taizhou","country":"China","country_code":"CN","population":1607108,"lat":32.49069,"lon":119.90812,"temp_c":26.1}},{"type":"Feature","geometry":{"type":"Point","coordinates":[125,46.58333]},"properties":{"id":"geonames-2037860","name":"Daqing","country":"China","country_code":"CN","population":1604027,"lat":46.58333,"lon":125,"temp_c":21.9}},{"type":"Feature","geometry":{"type":"Point","coordinates":[120.9822,14.6042]},"properties":{"id":"geonames-1701668","name":"Manila","country":"Philippines","country_code":"PH","population":1600000,"lat":14.6042,"lon":120.9822,"temp_c":27.3}},{"type":"Feature","geometry":{"type":"Point","coordinates":[118.42947,31.35259]},"properties":{"id":"geonames-1791236","name":"Wuhu","country":"China","country_code":"CN","population":1598165,"lat":31.35259,"lon":118.42947,"temp_c":27.2}},{"type":"Feature","geometry":{"type":"Point","coordinates":[-100.38806,20.58806]},"properties":{"id":"geonames-3991164","name":"Santiago de Querétaro","country":"Mexico","country_code":"MX","population":1594212,"lat":20.58806,"lon":-100.38806,"temp_c":22.9}},{"type":"Feature","geometry":{"type":"Point","coordinates":[107.46308,31.2106]},"properties":{"id":"geonames-1813325","name":"Dazhou","country":"China","country_code":"CN","population":1589435,"lat":31.2106,"lon":107.46308,"temp_c":29.4}},{"type":"Feature","geometry":{"type":"Point","coordinates":[119.43583,32.39722]},"properties":{"id":"geonames-1787227","name":"Yangzhou","country":"China","country_code":"CN","population":1584237,"lat":32.39722,"lon":119.43583,"temp_c":26.3}},{"type":"Feature","geometry":{"type":"Point","coordinates":[-101.68253,21.12183]},"properties":{"id":"geonames-3998655","name":"León de los Aldama","country":"Mexico","country_code":"MX","population":1579803,"lat":21.12183,"lon":-101.68253,"temp_c":22}},{"type":"Feature","geometry":{"type":"Point","coordinates":[39.82563,21.42664]},"properties":{"id":"geonames-104515","name":"Makkah","country":"Saudi Arabia","country_code":"SA","population":1578722,"lat":21.42664,"lon":39.82563,"temp_c":34}},{"type":"Feature","geometry":{"type":"Point","coordinates":[-75.16362,39.95238]},"properties":{"id":"geonames-4560349","name":"Philadelphia","country":"United States","country_code":"US","population":1573916,"lat":39.95238,"lon":-75.16362,"temp_c":28.9}},{"type":"Feature","geometry":{"type":"Point","coordinates":[104.91601,11.56245]},"properties":{"id":"geonames-1821306","name":"Phnom Penh","country":"Cambodia","country_code":"KH","population":1573544,"lat":11.56245,"lon":104.91601,"temp_c":27.4}},{"type":"Feature","geometry":{"type":"Point","coordinates":[110.29639,25.28022]},"properties":{"id":"geonames-1809498","name":"Guilin","country":"China","country_code":"CN","population":1572300,"lat":25.28022,"lon":110.29639,"temp_c":26.2}},{"type":"Feature","geometry":{"type":"Point","coordinates":[36.29128,33.5102]},"properties":{"id":"geonames-170654","name":"Damascus","country":"Syria","country_code":"SY","population":1569394,"lat":33.5102,"lon":36.29128,"temp_c":28.6}},{"type":"Feature","geometry":{"type":"Point","coordinates":[67.00141,30.18414]},"properties":{"id":"geonames-1167528","name":"Quetta","country":"Pakistan","country_code":"PK","population":1565546,"lat":30.18414,"lon":67.00141,"temp_c":28.1}},{"type":"Feature","geometry":{"type":"Point","coordinates":[112.46091,23.04893]},"properties":{"id":"geonames-1784853","name":"Zhaoqing","country":"China","country_code":"CN","population":1553109,"lat":23.04893,"lon":112.46091,"temp_c":27.2}},{"type":"Feature","geometry":{"type":"Point","coordinates":[6.78569,6.14978]},"properties":{"id":"geonames-2326016","name":"Onitsha","country":"Nigeria","country_code":"NG","population":1553000,"lat":6.14978,"lon":6.78569,"temp_c":25.3}},{"type":"Feature","geometry":{"type":"Point","coordinates":[104.68168,31.46784]},"properties":{"id":"geonames-1800627","name":"Mianyang","country":"China","country_code":"CN","population":1550000,"lat":31.46784,"lon":104.68168,"temp_c":24.9}},{"type":"Feature","geometry":{"type":"Point","coordinates":[174.76349,-36.84853]},"properties":{"id":"geonames-2193733","name":"Auckland","country":"New Zealand","country_code":"NZ","population":1547200,"lat":-36.84853,"lon":174.76349,"temp_c":6.1}},{"type":"Feature","geometry":{"type":"Point","coordinates":[51.67462,32.65246]},"properties":{"id":"geonames-418863","name":"Isfahan","country":"Iran","country_code":"IR","population":1547164,"lat":32.65246,"lon":51.67462,"temp_c":34.4}},{"type":"Feature","geometry":{"type":"Point","coordinates":[108.39586,30.76451]},"properties":{"id":"geonames-12358576","name":"Wanzhou","country":"China","country_code":"CN","population":1545900,"lat":30.76451,"lon":108.39586,"temp_c":30.3}},{"type":"Feature","geometry":{"type":"Point","coordinates":[71.44598,51.1801]},"properties":{"id":"geonames-1526273","name":"Astana","country":"Kazakhstan","country_code":"KZ","population":1544142,"lat":51.1801,"lon":71.44598,"temp_c":25.9}},{"type":"Feature","geometry":{"type":"Point","coordinates":[31.05337,-17.82772]},"properties":{"id":"geonames-890299","name":"Harare","country":"Zimbabwe","country_code":"ZW","population":1542813,"lat":-17.82772,"lon":31.05337,"temp_c":16.1}},{"type":"Feature","geometry":{"type":"Point","coordinates":[-10.7969,6.30054]},"properties":{"id":"geonames-2274895","name":"Monrovia","country":"Liberia","country_code":"LR","population":1542549,"lat":6.30054,"lon":-10.7969,"temp_c":26}},{"type":"Feature","geometry":{"type":"Point","coordinates":[119.01028,25.43944]},"properties":{"id":"geonames-1798449","name":"Putian","country":"China","country_code":"CN","population":1539389,"lat":25.43944,"lon":119.01028,"temp_c":29.5}},{"type":"Feature","geometry":{"type":"Point","coordinates":[139.71722,35.52056]},"properties":{"id":"geonames-1859642","name":"Kawasaki","country":"Japan","country_code":"JP","population":1538262,"lat":35.52056,"lon":139.71722,"temp_c":23.7}},{"type":"Feature","geometry":{"type":"Point","coordinates":[-49.25389,-16.67861]},"properties":{"id":"geonames-3462377","name":"Goiânia","country":"Brazil","country_code":"BR","population":1536097,"lat":-16.67861,"lon":-49.25389,"temp_c":30.9}},{"type":"Feature","geometry":{"type":"Point","coordinates":[-98.49363,29.42412]},"properties":{"id":"geonames-4726206","name":"San Antonio","country":"United States","country_code":"US","population":1526656,"lat":29.42412,"lon":-98.49363,"temp_c":30.3}},{"type":"Feature","geometry":{"type":"Point","coordinates":[135.183,34.6913]},"properties":{"id":"geonames-1859171","name":"Kobe","country":"Japan","country_code":"JP","population":1525152,"lat":34.6913,"lon":135.183,"temp_c":24.2}},{"type":"Feature","geometry":{"type":"Point","coordinates":[18.06871,59.32938]},"properties":{"id":"geonames-2673730","name":"Stockholm","country":"Sweden","country_code":"SE","population":1515017,"lat":59.32938,"lon":18.06871,"temp_c":20.5}},{"type":"Feature","geometry":{"type":"Point","coordinates":[-106.46084,31.72024]},"properties":{"id":"geonames-4013708","name":"Ciudad Juárez","country":"Mexico","country_code":"MX","population":1512450,"lat":31.72024,"lon":-106.46084,"temp_c":34.6}},{"type":"Feature","geometry":{"type":"Point","coordinates":[105.78825,10.03711]},"properties":{"id":"geonames-1586203","name":"Cần Thơ","country":"Vietnam","country_code":"VN","population":1507187,"lat":10.03711,"lon":105.78825,"temp_c":26.5}},{"type":"Feature","geometry":{"type":"Point","coordinates":[11.57549,48.13743]},"properties":{"id":"geonames-2867714","name":"Munich","country":"Germany","country_code":"DE","population":1505005,"lat":48.13743,"lon":11.57549,"temp_c":28}},{"type":"Feature","geometry":{"type":"Point","coordinates":[89.56439,22.80979]},"properties":{"id":"geonames-1336135","name":"Khulna","country":"Bangladesh","country_code":"BD","population":1500689,"lat":22.80979,"lon":89.56439,"temp_c":27.2}},{"type":"Feature","geometry":{"type":"Point","coordinates":[-48.50444,-1.45583]},"properties":{"id":"geonames-3405870","name":"Belém","country":"Brazil","country_code":"BR","population":1499641,"lat":-1.45583,"lon":-48.50444,"temp_c":32.9}},{"type":"Feature","geometry":{"type":"Point","coordinates":[60.61529,56.85733]},"properties":{"id":"geonames-1486209","name":"Yekaterinburg","country":"Russia","country_code":"RU","population":1495066,"lat":56.85733,"lon":60.61529,"temp_c":22}},{"type":"Feature","geometry":{"type":"Point","coordinates":[-51.23019,-30.03283]},"properties":{"id":"geonames-3452925","name":"Porto Alegre","country":"Brazil","country_code":"BR","population":1488252,"lat":-30.03283,"lon":-51.23019,"temp_c":19.6}},{"type":"Feature","geometry":{"type":"Point","coordinates":[106.27306,38.46806]},"properties":{"id":"geonames-1786657","name":"Yinchuan","country":"China","country_code":"CN","population":1487579,"lat":38.46806,"lon":106.27306,"temp_c":20.4}},{"type":"Feature","geometry":{"type":"Point","coordinates":[-73.96625,40.78343]},"properties":{"id":"geonames-5125771","name":"Manhattan","country":"United States","country_code":"US","population":1487536,"lat":40.78343,"lon":-73.96625,"temp_c":29.9}},{"type":"Feature","geometry":{"type":"Point","coordinates":[73.79096,19.99727]},"properties":{"id":"geonames-1261731","name":"Nashik","country":"India","country_code":"IN","population":1486053,"lat":19.99727,"lon":73.79096,"temp_c":23.6}},{"type":"Feature","geometry":{"type":"Point","coordinates":[121.43312,28.66266]},"properties":{"id":"geonames-8400694","name":"Taizhou","country":"China","country_code":"CN","population":1485502,"lat":28.66266,"lon":121.43312,"temp_c":26.8}},{"type":"Feature","geometry":{"type":"Point","coordinates":[-57.647,-25.28646]},"properties":{"id":"geonames-3439389","name":"Asunción","country":"Paraguay","country_code":"PY","population":1482200,"lat":-25.28646,"lon":-57.647,"temp_c":26.6}},{"type":"Feature","geometry":{"type":"Point","coordinates":[120.07676,29.31506]},"properties":{"id":"geonames-1814870","name":"Yiwu","country":"China","country_code":"CN","population":1481384,"lat":29.31506,"lon":120.07676,"temp_c":27}},{"type":"Feature","geometry":{"type":"Point","coordinates":[-103.38742,20.72111]},"properties":{"id":"geonames-3979770","name":"Zapopan","country":"Mexico","country_code":"MX","population":1476491,"lat":20.72111,"lon":-103.38742,"temp_c":23.6}},{"type":"Feature","geometry":{"type":"Point","coordinates":[119.43194,-5.14861]},"properties":{"id":"geonames-1622786","name":"Makassar","country":"Indonesia","country_code":"ID","population":1474393,"lat":-5.14861,"lon":119.43194,"temp_c":26.6}},{"type":"Feature","geometry":{"type":"Point","coordinates":[138.59863,-34.92866]},"properties":{"id":"geonames-2078025","name":"Adelaide","country":"Australia","country_code":"AU","population":1469163,"lat":-34.92866,"lon":138.59863,"temp_c":10.6}},{"type":"Feature","geometry":{"type":"Point","coordinates":[118.58583,24.91389]},"properties":{"id":"geonames-1797353","name":"Quanzhou","country":"China","country_code":"CN","population":1469157,"lat":24.91389,"lon":118.58583,"temp_c":28.7}},{"type":"Feature","geometry":{"type":"Point","coordinates":[78.11953,9.919]},"properties":{"id":"geonames-1264521","name":"Madurai","country":"India","country_code":"IN","population":1465625,"lat":9.919,"lon":78.11953,"temp_c":29.4}},{"type":"Feature","geometry":{"type":"Point","coordinates":[119.64421,29.10678]},"properties":{"id":"geonames-1805528","name":"Jinhua","country":"China","country_code":"CN","population":1463990,"lat":29.10678,"lon":119.64421,"temp_c":26.5}},{"type":"Feature","geometry":{"type":"Point","coordinates":[135.75385,35.02107]},"properties":{"id":"geonames-1857910","name":"Kyoto","country":"Japan","country_code":"JP","population":1463723,"lat":35.02107,"lon":135.75385,"temp_c":24.2}},{"type":"Feature","geometry":{"type":"Point","coordinates":[121.2457,30.1764]},"properties":{"id":"geonames-1806602","name":"Cixi","country":"China","country_code":"CN","population":1457510,"lat":30.1764,"lon":121.2457,"temp_c":27.2}},{"type":"Feature","geometry":{"type":"Point","coordinates":[111.69844,29.03205]},"properties":{"id":"geonames-1791121","name":"Changde","country":"China","country_code":"CN","population":1457419,"lat":29.03205,"lon":111.69844,"temp_c":29}},{"type":"Feature","geometry":{"type":"Point","coordinates":[101.68653,3.1412]},"properties":{"id":"geonames-1735161","name":"Kuala Lumpur","country":"Malaysia","country_code":"MY","population":1453975,"lat":3.1412,"lon":101.68653,"temp_c":26}},{"type":"Feature","geometry":{"type":"Point","coordinates":[35.48528,38.73222]},"properties":{"id":"geonames-308464","name":"Kayseri","country":"Türkiye","country_code":"TR","population":1452458,"lat":38.73222,"lon":35.48528,"temp_c":27.7}},{"type":"Feature","geometry":{"type":"Point","coordinates":[114.30742,34.7986]},"properties":{"id":"geonames-1804879","name":"Kaifeng","country":"China","country_code":"CN","population":1451741,"lat":34.7986,"lon":114.30742,"temp_c":30.6}},{"type":"Feature","geometry":{"type":"Point","coordinates":[122.99,41.12361]},"properties":{"id":"geonames-2038632","name":"Anshan","country":"China","country_code":"CN","population":1450000,"lat":41.12361,"lon":122.99,"temp_c":25.8}},{"type":"Feature","geometry":{"type":"Point","coordinates":[50.99155,35.83266]},"properties":{"id":"geonames-128747","name":"Karaj","country":"Iran","country_code":"IR","population":1448075,"lat":35.83266,"lon":50.99155,"temp_c":33.5}},{"type":"Feature","geometry":{"type":"Point","coordinates":[85.3206,27.70169]},"properties":{"id":"geonames-1283240","name":"Kathmandu","country":"Nepal","country_code":"NP","population":1442271,"lat":27.70169,"lon":85.3206,"temp_c":22.2}},{"type":"Feature","geometry":{"type":"Point","coordinates":[127.38493,36.34913]},"properties":{"id":"geonames-1835235","name":"Daejeon","country":"South Korea","country_code":"KR","population":1441203,"lat":36.34913,"lon":127.38493,"temp_c":23.5}},{"type":"Feature","geometry":{"type":"Point","coordinates":[107.23705,34.36775]},"properties":{"id":"geonames-10942359","name":"Baoji","country":"China","country_code":"CN","population":1437802,"lat":34.36775,"lon":107.23705,"temp_c":27.4}},{"type":"Feature","geometry":{"type":"Point","coordinates":[118.29583,33.94917]},"properties":{"id":"geonames-1793771","name":"Suqian","country":"China","country_code":"CN","population":1437685,"lat":33.94917,"lon":118.29583,"temp_c":28}},{"type":"Feature","geometry":{"type":"Point","coordinates":[109.40698,24.32405]},"properties":{"id":"geonames-1803300","name":"Liuzhou","country":"China","country_code":"CN","population":1436599,"lat":24.32405,"lon":109.40698,"temp_c":27.1}},{"type":"Feature","geometry":{"type":"Point","coordinates":[77.6838,8.72742]},"properties":{"id":"geonames-1254361","name":"Tirunelveli","country":"India","country_code":"IN","population":1435844,"lat":8.72742,"lon":77.6838,"temp_c":28}},{"type":"Feature","geometry":{"type":"Point","coordinates":[32.48464,37.87135]},"properties":{"id":"geonames-306571","name":"Konya","country":"Türkiye","country_code":"TR","population":1433861,"lat":37.87135,"lon":32.48464,"temp_c":26.4}},{"type":"Feature","geometry":{"type":"Point","coordinates":[120.53889,31.865]},"properties":{"id":"geonames-1787331","name":"Zhangjiagang","country":"China","country_code":"CN","population":1432044,"lat":31.865,"lon":120.53889,"temp_c":26.1}},{"type":"Feature","geometry":{"type":"Point","coordinates":[78.01667,27.18333]},"properties":{"id":"geonames-1279259","name":"Agra","country":"India","country_code":"IN","population":1430055,"lat":27.18333,"lon":78.01667,"temp_c":28.4}},{"type":"Feature","geometry":{"type":"Point","coordinates":[106.71789,-6.28862]},"properties":{"id":"geonames-8581443","name":"South Tangerang","country":"Indonesia","country_code":"ID","population":1429529,"lat":-6.28862,"lon":106.71789,"temp_c":25.1}},{"type":"Feature","geometry":{"type":"Point","coordinates":[46.2919,38.08]},"properties":{"id":"geonames-113646","name":"Tabriz","country":"Iran","country_code":"IR","population":1424641,"lat":38.08,"lon":46.2919,"temp_c":29}},{"type":"Feature","geometry":{"type":"Point","coordinates":[36.25475,49.98177]},"properties":{"id":"geonames-706483","name":"Kharkiv","country":"Ukraine","country_code":"UA","population":1421125,"lat":49.98177,"lon":36.25475,"temp_c":17.4}},{"type":"Feature","geometry":{"type":"Point","coordinates":[118.57415,24.81978]},"properties":{"id":"geonames-1797658","name":"Jinjiang","country":"China","country_code":"CN","population":1416151,"lat":24.81978,"lon":118.57415,"temp_c":30.1}},{"type":"Feature","geometry":{"type":"Point","coordinates":[77.31316,28.41124]},"properties":{"id":"geonames-1271951","name":"Faridabad","country":"India","country_code":"IN","population":1414050,"lat":28.41124,"lon":77.31316,"temp_c":27.8}},{"type":"Feature","geometry":{"type":"Point","coordinates":[115.77028,33.87722]},"properties":{"id":"geonames-1816234","name":"Bozhou","country":"China","country_code":"CN","population":1409436,"lat":33.87722,"lon":115.77028,"temp_c":30.7}},{"type":"Feature","geometry":{"type":"Point","coordinates":[103.78333,25.48333]},"properties":{"id":"geonames-1797318","name":"Qujing","country":"China","country_code":"CN","population":1408500,"lat":25.48333,"lon":103.78333,"temp_c":18.7}},{"type":"Feature","geometry":{"type":"Point","coordinates":[-117.16472,32.71571]},"properties":{"id":"geonames-5391811","name":"San Diego","country":"United States","country_code":"US","population":1404452,"lat":32.71571,"lon":-117.16472,"temp_c":19.5}},{"type":"Feature","geometry":{"type":"Point","coordinates":[126.91556,35.15472]},"properties":{"id":"geonames-1841811","name":"Gwangju","country":"South Korea","country_code":"KR","population":1401235,"lat":35.15472,"lon":126.91556,"temp_c":25.3}},{"type":"Feature","geometry":{"type":"Point","coordinates":[110.38749,21.23391]},"properties":{"id":"geonames-1784990","name":"Zhanjiang","country":"China","country_code":"CN","population":1400709,"lat":21.23391,"lon":110.38749,"temp_c":27}},{"type":"Feature","geometry":{"type":"Point","coordinates":[123.94363,41.88669]},"properties":{"id":"geonames-2037355","name":"Fushun","country":"China","country_code":"CN","population":1400646,"lat":41.88669,"lon":123.94363,"temp_c":24.2}},{"type":"Feature","geometry":{"type":"Point","coordinates":[70.79322,22.29161]},"properties":{"id":"geonames-1258847","name":"Rājkot","country":"India","country_code":"IN","population":1390640,"lat":22.29161,"lon":70.79322,"temp_c":27.8}},{"type":"Feature","geometry":{"type":"Point","coordinates":[112.43684,34.67345]},"properties":{"id":"geonames-1801792","name":"Luoyang","country":"China","country_code":"CN","population":1390581,"lat":34.67345,"lon":112.43684,"temp_c":30.6}},{"type":"Feature","geometry":{"type":"Point","coordinates":[-103.34749,20.67738]},"properties":{"id":"geonames-4005539","name":"Guadalajara","country":"Mexico","country_code":"MX","population":1385629,"lat":20.67738,"lon":-103.34749,"temp_c":23.6}},{"type":"Feature","geometry":{"type":"Point","coordinates":[-73.86641,40.84985]},"properties":{"id":"geonames-5110266","name":"The Bronx","country":"United States","country_code":"US","population":1385108,"lat":40.84985,"lon":-73.86641,"temp_c":31.8}},{"type":"Feature","geometry":{"type":"Point","coordinates":[113.62709,28.15861]},"properties":{"id":"geonames-1802875","name":"Guankou","country":"China","country_code":"CN","population":1380000,"lat":28.15861,"lon":113.62709,"temp_c":27.1}},{"type":"Feature","geometry":{"type":"Point","coordinates":[107.59546,16.4619]},"properties":{"id":"geonames-1580240","name":"Huế","country":"Vietnam","country_code":"VN","population":1380000,"lat":16.4619,"lon":107.59546,"temp_c":26}},{"type":"Feature","geometry":{"type":"Point","coordinates":[9.18951,45.46427]},"properties":{"id":"geonames-3173435","name":"Milan","country":"Italy","country_code":"IT","population":1371498,"lat":45.46427,"lon":9.18951,"temp_c":32.2}},{"type":"Feature","geometry":{"type":"Point","coordinates":[76.97982,28.60922]},"properties":{"id":"geonames-1262111","name":"Najafgarh","country":"India","country_code":"IN","population":1365000,"lat":28.60922,"lon":76.97982,"temp_c":28}},{"type":"Feature","geometry":{"type":"Point","coordinates":[15.0444,12.10672]},"properties":{"id":"geonames-2427123","name":"N'Djamena","country":"Chad","country_code":"TD","population":1359526,"lat":12.10672,"lon":15.0444,"temp_c":31.1}},{"type":"Feature","geometry":{"type":"Point","coordinates":[114.48764,36.60999]},"properties":{"id":"geonames-1808963","name":"Handan","country":"China","country_code":"CN","population":1358318,"lat":36.60999,"lon":114.48764,"temp_c":31.8}},{"type":"Feature","geometry":{"type":"Point","coordinates":[70.60403,32.98527]},"properties":{"id":"geonames-1183460","name":"Bannu","country":"Pakistan","country_code":"PK","population":1357890,"lat":32.98527,"lon":70.60403,"temp_c":32.8}},{"type":"Feature","geometry":{"type":"Point","coordinates":[111.28472,30.71444]},"properties":{"id":"geonames-1786764","name":"Yichang","country":"China","country_code":"CN","population":1350150,"lat":30.71444,"lon":111.28472,"temp_c":28.1}},{"type":"Feature","geometry":{"type":"Point","coordinates":[47.53613,-18.91368]},"properties":{"id":"geonames-1070940","name":"Antananarivo","country":"Madagascar","country_code":"MG","population":1349501,"lat":-18.91368,"lon":47.53613,"temp_c":14.2}},{"type":"Feature","geometry":{"type":"Point","coordinates":[115.47358,35.23929]},"properties":{"id":"geonames-1808198","name":"Heze","country":"China","country_code":"CN","population":1346717,"lat":35.23929,"lon":115.47358,"temp_c":30.1}},{"type":"Feature","geometry":{"type":"Point","coordinates":[-4.0159,5.41613]},"properties":{"id":"geonames-2293521","name":"Abobo","country":"Côte d’Ivoire","country_code":"CI","population":1340083,"lat":5.41613,"lon":-4.0159,"temp_c":25.6}},{"type":"Feature","geometry":{"type":"Point","coordinates":[86.18545,22.80278]},"properties":{"id":"geonames-1269300","name":"Jamshedpur","country":"India","country_code":"IN","population":1339438,"lat":22.80278,"lon":86.18545,"temp_c":26}},{"type":"Feature","geometry":{"type":"Point","coordinates":[9.70428,4.04827]},"properties":{"id":"geonames-2232593","name":"Douala","country":"Cameroon","country_code":"CM","population":1338082,"lat":4.04827,"lon":9.70428,"temp_c":26.1}},{"type":"Feature","geometry":{"type":"Point","coordinates":[30.69556,36.90812]},"properties":{"id":"geonames-323777","name":"Antalya","country":"Türkiye","country_code":"TR","population":1335002,"lat":36.90812,"lon":30.69556,"temp_c":28.2}},{"type":"Feature","geometry":{"type":"Point","coordinates":[47.7804,30.50852]},"properties":{"id":"geonames-99532","name":"Basrah","country":"Iraq","country_code":"IQ","population":1326564,"lat":30.50852,"lon":47.7804,"temp_c":40.4}},{"type":"Feature","geometry":{"type":"Point","coordinates":[-96.80667,32.78306]},"properties":{"id":"geonames-4684888","name":"Dallas","country":"United States","country_code":"US","population":1326087,"lat":32.78306,"lon":-96.80667,"temp_c":34}},{"type":"Feature","geometry":{"type":"Point","coordinates":[139.65657,35.90807]},"properties":{"id":"geonames-6940394","name":"Saitama","country":"Japan","country_code":"JP","population":1324854,"lat":35.90807,"lon":139.65657,"temp_c":23.1}},{"type":"Feature","geometry":{"type":"Point","coordinates":[75.67206,29.44768]},"properties":{"id":"geonames-1270926","name":"Gorakhpur","country":"India","country_code":"IN","population":1324570,"lat":29.44768,"lon":75.67206,"temp_c":30.6}},{"type":"Feature","geometry":{"type":"Point","coordinates":[2.1098,13.51366]},"properties":{"id":"geonames-2440485","name":"Niamey","country":"Niger","country_code":"NE","population":1323691,"lat":13.51366,"lon":2.1098,"temp_c":32.9}},{"type":"Feature","geometry":{"type":"Point","coordinates":[104.83333,26.59444]},"properties":{"id":"geonames-8533133","name":"Liupanshui","country":"China","country_code":"CN","population":1320825,"lat":26.59444,"lon":104.83333,"temp_c":18}},{"type":"Feature","geometry":{"type":"Point","coordinates":[121.0792,14.5243]},"properties":{"id":"geonames-1684308","name":"Taguig","country":"Philippines","country_code":"PH","population":1308085,"lat":14.5243,"lon":121.0792,"temp_c":26.9}},{"type":"Feature","geometry":{"type":"Point","coordinates":[110.91364,21.66625]},"properties":{"id":"geonames-1801180","name":"Maoming","country":"China","country_code":"CN","population":1307802,"lat":21.66625,"lon":110.91364,"temp_c":26.8}},{"type":"Feature","geometry":{"type":"Point","coordinates":[-114.08529,51.05011]},"properties":{"id":"geonames-5913490","name":"Calgary","country":"Canada","country_code":"CA","population":1306784,"lat":51.05011,"lon":-114.08529,"temp_c":23}},{"type":"Feature","geometry":{"type":"Point","coordinates":[13.18733,32.88743]},"properties":{"id":"geonames-2210247","name":"Tripoli","country":"Libya","country_code":"LY","population":1302947,"lat":32.88743,"lon":13.18733,"temp_c":29.4}},{"type":"Feature","geometry":{"type":"Point","coordinates":[39.61417,24.46861]},"properties":{"id":"geonames-109223","name":"Madinah","country":"Saudi Arabia","country_code":"SA","population":1300000,"lat":24.46861,"lon":39.61417,"temp_c":39.1}},{"type":"Feature","geometry":{"type":"Point","coordinates":[11.51667,3.86667]},"properties":{"id":"geonames-2220957","name":"Yaoundé","country":"Cameroon","country_code":"CM","population":1299369,"lat":3.86667,"lon":11.51667,"temp_c":21.7}},{"type":"Feature","geometry":{"type":"Point","coordinates":[104.02491,1.14937]},"properties":{"id":"geonames-6295587","name":"Batam","country":"Indonesia","country_code":"ID","population":1296960,"lat":1.14937,"lon":104.02491,"temp_c":26.9}},{"type":"Feature","geometry":{"type":"Point","coordinates":[108.65061,21.98247]},"properties":{"id":"geonames-1797551","name":"Qinzhou","country":"China","country_code":"CN","population":1296300,"lat":21.98247,"lon":108.65061,"temp_c":27.1}},{"type":"Feature","geometry":{"type":"Point","coordinates":[114.03261,33.57424]},"properties":{"id":"geonames-1801934","name":"Luohe","country":"China","country_code":"CN","population":1294974,"lat":33.57424,"lon":114.03261,"temp_c":31.2}},{"type":"Feature","geometry":{"type":"Point","coordinates":[112.14479,32.0422]},"properties":{"id":"geonames-1790587","name":"Xiangyang","country":"China","country_code":"CN","population":1294733,"lat":32.0422,"lon":112.14479,"temp_c":29}},{"type":"Feature","geometry":{"type":"Point","coordinates":[111.96272,21.85563]},"properties":{"id":"geonames-1806408","name":"Yangjiang","country":"China","country_code":"CN","population":1292987,"lat":21.85563,"lon":111.96272,"temp_c":27.2}},{"type":"Feature","geometry":{"type":"Point","coordinates":[119.82016,31.36059]},"properties":{"id":"geonames-1786760","name":"Yixing","country":"China","country_code":"CN","population":1285785,"lat":31.36059,"lon":119.82016,"temp_c":26.8}},{"type":"Feature","geometry":{"type":"Point","coordinates":[73.80696,18.62292]},"properties":{"id":"geonames-1259652","name":"Pimpri","country":"India","country_code":"IN","population":1284606,"lat":18.62292,"lon":73.80696,"temp_c":23.3}},{"type":"Feature","geometry":{"type":"Point","coordinates":[108.22083,16.06778]},"properties":{"id":"geonames-1583992","name":"Da Nang","country":"Vietnam","country_code":"VN","population":1276000,"lat":16.06778,"lon":108.22083,"temp_c":28.1}},{"type":"Feature","geometry":{"type":"Point","coordinates":[35.94503,31.95522]},"properties":{"id":"geonames-250441","name":"Amman","country":"Jordan","country_code":"JO","population":1275857,"lat":31.95522,"lon":35.94503,"temp_c":24.1}},{"type":"Feature","geometry":{"type":"Point","coordinates":[124.43972,7.20417]},"properties":{"id":"geonames-1723510","name":"Budta","country":"Philippines","country_code":"PH","population":1273715,"lat":7.20417,"lon":124.43972,"temp_c":24.3}},{"type":"Feature","geometry":{"type":"Point","coordinates":[20.46513,44.80401]},"properties":{"id":"geonames-792680","name":"Belgrade","country":"Serbia","country_code":"RS","population":1273651,"lat":44.80401,"lon":20.46513,"temp_c":28.8}},{"type":"Feature","geometry":{"type":"Point","coordinates":[106.82432,10.94469]},"properties":{"id":"geonames-1587923","name":"Biên Hòa","country":"Vietnam","country_code":"VN","population":1272235,"lat":10.94469,"lon":106.82432,"temp_c":27}},{"type":"Feature","geometry":{"type":"Point","coordinates":[121.11408,31.15394]},"properties":{"id":"geonames-1797798","name":"Qingpu","country":"China","country_code":"CN","population":1271424,"lat":31.15394,"lon":121.11408,"temp_c":26.6}},{"type":"Feature","geometry":{"type":"Point","coordinates":[-56.18816,-34.90328]},"properties":{"id":"geonames-3441575","name":"Montevideo","country":"Uruguay","country_code":"UY","population":1270737,"lat":-34.90328,"lon":-56.18816,"temp_c":11.3}},{"type":"Feature","geometry":{"type":"Point","coordinates":[113.86299,34.03189]},"properties":{"id":"geonames-1788046","name":"Xuchang","country":"China","country_code":"CN","population":1265536,"lat":34.03189,"lon":113.86299,"temp_c":31.7}},{"type":"Feature","geometry":{"type":"Point","coordinates":[73.13554,19.2437]},"properties":{"id":"geonames-1268295","name":"Kalyān","country":"India","country_code":"IN","population":1262255,"lat":19.2437,"lon":73.13554,"temp_c":27.7}},{"type":"Feature","geometry":{"type":"Point","coordinates":[104.77689,29.34162]},"properties":{"id":"geonames-1783745","name":"Zigong","country":"China","country_code":"CN","population":1262064,"lat":29.34162,"lon":104.77689,"temp_c":26.8}},{"type":"Feature","geometry":{"type":"Point","coordinates":[44.00205,56.32867]},"properties":{"id":"geonames-520555","name":"Nizhniy Novgorod","country":"Russia","country_code":"RU","population":1259013,"lat":56.32867,"lon":44.00205,"temp_c":26.9}},{"type":"Feature","geometry":{"type":"Point","coordinates":[110.671,-6.5924]},"properties":{"id":"geonames-1642548","name":"Jepara","country":"Indonesia","country_code":"ID","population":1257912,"lat":-6.5924,"lon":110.671,"temp_c":23.1}},{"type":"Feature","geometry":{"type":"Point","coordinates":[32.58322,-25.96553]},"properties":{"id":"geonames-1040652","name":"Maputo","country":"Mozambique","country_code":"MZ","population":1254837,"lat":-25.96553,"lon":32.58322,"temp_c":19.5}},{"type":"Feature","geometry":{"type":"Point","coordinates":[117.28386,34.20442]},"properties":{"id":"geonames-10630003","name":"Xuzhou","country":"China","country_code":"CN","population":1253991,"lat":34.20442,"lon":117.28386,"temp_c":28.6}},{"type":"Feature","geometry":{"type":"Point","coordinates":[50.10326,26.43442]},"properties":{"id":"geonames-110336","name":"Dammam","country":"Saudi Arabia","country_code":"SA","population":1252523,"lat":26.43442,"lon":50.10326,"temp_c":35.7}},{"type":"Feature","geometry":{"type":"Point","coordinates":[35.48333,33.9]},"properties":{"id":"geonames-268743","name":"Ra’s Bayrūt","country":"Lebanon","country_code":"LB","population":1251739,"lat":33.9,"lon":35.48333,"temp_c":26.5}},{"type":"Feature","geometry":{"type":"Point","coordinates":[105.06216,29.58354]},"properties":{"id":"geonames-1799491","name":"Neijiang","country":"China","country_code":"CN","population":1251095,"lat":29.58354,"lon":105.06216,"temp_c":27.5}},{"type":"Feature","geometry":{"type":"Point","coordinates":[52.53113,29.61031]},"properties":{"id":"geonames-115019","name":"Shiraz","country":"Iran","country_code":"IR","population":1249942,"lat":29.61031,"lon":52.53113,"temp_c":31.7}},{"type":"Feature","geometry":{"type":"Point","coordinates":[112.34733,28.56938]},"properties":{"id":"geonames-1808316","name":"Heshan","country":"China","country_code":"CN","population":1249807,"lat":28.56938,"lon":112.34733,"temp_c":28.5}},{"type":"Feature","geometry":{"type":"Point","coordinates":[73.08333,19.21667]},"properties":{"id":"geonames-1272423","name":"Dombivali","country":"India","country_code":"IN","population":1247327,"lat":19.21667,"lon":73.08333,"temp_c":27.7}},{"type":"Feature","geometry":{"type":"Point","coordinates":[22.41659,-5.89624]},"properties":{"id":"geonames-214481","name":"Kananga","country":"Congo - Kinshasa","country_code":"CD","population":1247168,"lat":-5.89624,"lon":22.41659,"temp_c":30.5}},{"type":"Feature","geometry":{"type":"Point","coordinates":[49.12214,55.78874]},"properties":{"id":"geonames-551487","name":"Kazan","country":"Russia","country_code":"RU","population":1243500,"lat":55.78874,"lon":49.12214,"temp_c":24.7}},{"type":"Feature","geometry":{"type":"Point","coordinates":[116.58139,35.405]},"properties":{"id":"geonames-1805518","name":"Jining","country":"China","country_code":"CN","population":1241012,"lat":35.405,"lon":116.58139,"temp_c":29.9}},{"type":"Feature","geometry":{"type":"Point","coordinates":[-69.35703,10.0647]},"properties":{"id":"geonames-3648522","name":"Barquisimeto","country":"Venezuela","country_code":"VE","population":1240714,"lat":10.0647,"lon":-69.35703,"temp_c":29.8}},{"type":"Feature","geometry":{"type":"Point","coordinates":[31.25053,30.12511]},"properties":{"id":"geonames-349076","name":"Shubrā al Khaymah","country":"Egypt","country_code":"EG","population":1240289,"lat":30.12511,"lon":31.25053,"temp_c":32.9}},{"type":"Feature","geometry":{"type":"Point","coordinates":[121.3897,31.251]},"properties":{"id":"geonames-1798439","name":"Putuo","country":"China","country_code":"CN","population":1239100,"lat":31.251,"lon":121.3897,"temp_c":26.9}},{"type":"Feature","geometry":{"type":"Point","coordinates":[-72.33881,18.54349]},"properties":{"id":"geonames-3718426","name":"Port-au-Prince","country":"Haiti","country_code":"HT","population":1234742,"lat":18.54349,"lon":-72.33881,"temp_c":34}},{"type":"Feature","geometry":{"type":"Point","coordinates":[127.00889,37.29111]},"properties":{"id":"geonames-1835553","name":"Suwon","country":"South Korea","country_code":"KR","population":1234582,"lat":37.29111,"lon":127.00889,"temp_c":23.9}},{"type":"Feature","geometry":{"type":"Point","coordinates":[114.06556,32.12278]},"properties":{"id":"geonames-1788534","name":"Xinyang","country":"China","country_code":"CN","population":1230042,"lat":32.12278,"lon":114.06556,"temp_c":28.4}},{"type":"Feature","geometry":{"type":"Point","coordinates":[116.00247,36.45064]},"properties":{"id":"geonames-1803834","name":"Liaocheng","country":"China","country_code":"CN","population":1229768,"lat":36.45064,"lon":116.00247,"temp_c":30.3}},{"type":"Feature","geometry":{"type":"Point","coordinates":[112.75471,37.68403]},"properties":{"id":"geonames-10942283","name":"Jinzhong","country":"China","country_code":"CN","population":1226617,"lat":37.68403,"lon":112.75471,"temp_c":24.4}},{"type":"Feature","geometry":{"type":"Point","coordinates":[-77.13452,-12.05162]},"properties":{"id":"geonames-3946083","name":"Callao","country":"Peru","country_code":"PE","population":1226200,"lat":-12.05162,"lon":-77.13452,"temp_c":22.8}},{"type":"Feature","geometry":{"type":"Point","coordinates":[77.70636,28.98002]},"properties":{"id":"geonames-1263214","name":"Meerut","country":"India","country_code":"IN","population":1223184,"lat":28.98002,"lon":77.70636,"temp_c":27}},{"type":"Feature","geometry":{"type":"Point","coordinates":[72.81136,19.45591]},"properties":{"id":"geonames-1253133","name":"Virār","country":"India","country_code":"IN","population":1222390,"lat":19.45591,"lon":72.81136,"temp_c":28.4}},{"type":"Feature","geometry":{"type":"Point","coordinates":[82.54826,19.23114]},"properties":{"id":"geonames-1261162","name":"Nowrangapur","country":"India","country_code":"IN","population":1220946,"lat":19.23114,"lon":82.54826,"temp_c":24.6}},{"type":"Feature","geometry":{"type":"Point","coordinates":[44.02488,32.61603]},"properties":{"id":"geonames-94824","name":"Karbala","country":"Iraq","country_code":"IQ","population":1218732,"lat":32.61603,"lon":44.02488,"temp_c":38.1}},{"type":"Feature","geometry":{"type":"Point","coordinates":[113.10528,36.18389]},"properties":{"id":"geonames-1808956","name":"Changzhi","country":"China","country_code":"CN","population":1214940,"lat":36.18389,"lon":113.10528,"temp_c":24.2}},{"type":"Feature","geometry":{"type":"Point","coordinates":[105.74238,34.57952]},"properties":{"id":"geonames-1792892","name":"Tianshui","country":"China","country_code":"CN","population":1212791,"lat":34.57952,"lon":105.74238,"temp_c":20.7}},{"type":"Feature","geometry":{"type":"Point","coordinates":[44.4583,33.3889]},"properties":{"id":"geonames-7802746","name":"Sadr City","country":"Iraq","country_code":"IQ","population":1211849,"lat":33.3889,"lon":44.4583,"temp_c":36.9}},{"type":"Feature","geometry":{"type":"Point","coordinates":[121.51904,31.26193]},"properties":{"id":"geonames-1787375","name":"Yangpu","country":"China","country_code":"CN","population":1210800,"lat":31.26193,"lon":121.51904,"temp_c":27}},{"type":"Feature","geometry":{"type":"Point","coordinates":[39.66359,-4.05466]},"properties":{"id":"geonames-186301","name":"Mombasa","country":"Kenya","country_code":"KE","population":1208333,"lat":-4.05466,"lon":39.66359,"temp_c":25.2}},{"type":"Feature","geometry":{"type":"Point","coordinates":[96.08359,21.97473]},"properties":{"id":"geonames-1311874","name":"Mandalay","country":"Myanmar (Burma)","country_code":"MM","population":1208099,"lat":21.97473,"lon":96.08359,"temp_c":27.3}},{"type":"Feature","geometry":{"type":"Point","coordinates":[74.80555,34.08565]},"properties":{"id":"geonames-1255634","name":"Srinagar","country":"India","country_code":"IN","population":1206419,"lat":34.08565,"lon":74.80555,"temp_c":26.3}},{"type":"Feature","geometry":{"type":"Point","coordinates":[-74.78132,10.96854]},"properties":{"id":"geonames-3689147","name":"Barranquilla","country":"Colombia","country_code":"CO","population":1206319,"lat":10.96854,"lon":-74.78132,"temp_c":35.9}},{"type":"Feature","geometry":{"type":"Point","coordinates":[61.42877,55.1611]},"properties":{"id":"geonames-1508291","name":"Chelyabinsk","country":"Russia","country_code":"RU","population":1202371,"lat":55.1611,"lon":61.42877,"temp_c":25.4}},{"type":"Feature","geometry":{"type":"Point","coordinates":[-89.62318,20.967]},"properties":{"id":"geonames-3523349","name":"Mérida","country":"Mexico","country_code":"MX","population":1201000,"lat":20.967,"lon":-89.62318,"temp_c":32.4}},{"type":"Feature","geometry":{"type":"Point","coordinates":[132.45,34.4]},"properties":{"id":"geonames-1862415","name":"Hiroshima","country":"Japan","country_code":"JP","population":1200754,"lat":34.4,"lon":132.45,"temp_c":24.7}},{"type":"Feature","geometry":{"type":"Point","coordinates":[-70.69085,19.45036]},"properties":{"id":"geonames-3492914","name":"Santiago de los Caballeros","country":"Dominican Republic","country_code":"DO","population":1200000,"lat":19.45036,"lon":-70.69085,"temp_c":31.7}},{"type":"Feature","geometry":{"type":"Point","coordinates":[69.60042,42.30988]},"properties":{"id":"geonames-1518980","name":"Shymkent","country":"Kazakhstan","country_code":"KZ","population":1200000,"lat":42.30988,"lon":69.60042,"temp_c":31.1}},{"type":"Feature","geometry":{"type":"Point","coordinates":[109.50891,34.50355]},"properties":{"id":"geonames-1791636","name":"Weinan","country":"China","country_code":"CN","population":1199290,"lat":34.50355,"lon":109.50891,"temp_c":30.4}},{"type":"Feature","geometry":{"type":"Point","coordinates":[77.43915,28.66535]},"properties":{"id":"geonames-1271308","name":"Ghāziābād","country":"India","country_code":"IN","population":1199191,"lat":28.66535,"lon":77.43915,"temp_c":27.7}},{"type":"Feature","geometry":{"type":"Point","coordinates":[32.45889,-25.96222]},"properties":{"id":"geonames-1039854","name":"Matola","country":"Mozambique","country_code":"MZ","population":1198988,"lat":-25.96222,"lon":32.45889,"temp_c":18.9}},{"type":"Feature","geometry":{"type":"Point","coordinates":[86.42992,23.79759]},"properties":{"id":"geonames-1272979","name":"Dhanbad","country":"India","country_code":"IN","population":1196214,"lat":23.79759,"lon":86.42992,"temp_c":26.5}},{"type":"Feature","geometry":{"type":"Point","coordinates":[-71.53747,-16.39899]},"properties":{"id":"geonames-3947322","name":"Arequipa","country":"Peru","country_code":"PE","population":1195700,"lat":-16.39899,"lon":-71.53747,"temp_c":24.2}},{"type":"Feature","geometry":{"type":"Point","coordinates":[114.18419,22.26302]},"properties":{"id":"geonames-12747064","name":"Hong Kong Island","country":"Hong Kong SAR China","country_code":"HK","population":1195529,"lat":22.26302,"lon":114.18419,"temp_c":27.3}},{"type":"Feature","geometry":{"type":"Point","coordinates":[-5.00028,34.03313]},"properties":{"id":"geonames-2548885","name":"Fes","country":"Morocco","country_code":"MA","population":1191905,"lat":34.03313,"lon":-5.00028,"temp_c":30.5}},{"type":"Feature","geometry":{"type":"Point","coordinates":[-99.11075,19.49392]},"properties":{"id":"geonames-3514674","name":"Gustavo Adolfo Madero","country":"Mexico","country_code":"MX","population":1185772,"lat":19.49392,"lon":-99.11075,"temp_c":19.9}},{"type":"Feature","geometry":{"type":"Point","coordinates":[-15.9785,18.08581]},"properties":{"id":"geonames-2377450","name":"Nouakchott","country":"Mauritania","country_code":"MR","population":1184530,"lat":18.08581,"lon":-15.9785,"temp_c":29.7}},{"type":"Feature","geometry":{"type":"Point","coordinates":[25.19099,0.51528]},"properties":{"id":"geonames-212730","name":"Kisangani","country":"Congo - Kinshasa","country_code":"CD","population":1181788,"lat":0.51528,"lon":25.19099,"temp_c":29.8}},{"type":"Feature","geometry":{"type":"Point","coordinates":[120.75,30.7522]},"properties":{"id":"geonames-1805953","name":"Jiaxing","country":"China","country_code":"CN","population":1180000,"lat":30.7522,"lon":120.75,"temp_c":26.9}},{"type":"Feature","geometry":{"type":"Point","coordinates":[75.34226,19.87757]},"properties":{"id":"geonames-1278149","name":"Aurangabad","country":"India","country_code":"IN","population":1175116,"lat":19.87757,"lon":75.34226,"temp_c":25.1}},{"type":"Feature","geometry":{"type":"Point","coordinates":[105.19067,37.51129]},"properties":{"id":"geonames-1784285","name":"Zhongwei","country":"China","country_code":"CN","population":1174600,"lat":37.51129,"lon":105.19067,"temp_c":20.4}},{"type":"Feature","geometry":{"type":"Point","coordinates":[73.36859,54.99244]},"properties":{"id":"geonames-1496153","name":"Omsk","country":"Russia","country_code":"RU","population":1172070,"lat":54.99244,"lon":73.36859,"temp_c":26}},{"type":"Feature","geometry":{"type":"Point","coordinates":[-17.39071,14.76457]},"properties":{"id":"geonames-2246678","name":"Pikine","country":"Senegal","country_code":"SN","population":1170791,"lat":14.76457,"lon":-17.39071,"temp_c":28}},{"type":"Feature","geometry":{"type":"Point","coordinates":[-46.53333,-23.46278]},"properties":{"id":"geonames-3461786","name":"Guarulhos","country":"Brazil","country_code":"BR","population":1169577,"lat":-23.46278,"lon":-46.53333,"temp_c":24}},{"type":"Feature","geometry":{"type":"Point","coordinates":[101.44167,0.51667]},"properties":{"id":"geonames-1631761","name":"Pekanbaru","country":"Indonesia","country_code":"ID","population":1167599,"lat":0.51667,"lon":101.44167,"temp_c":26.2}},{"type":"Feature","geometry":{"type":"Point","coordinates":[122.0739,41.121]},"properties":{"id":"geonames-10794003","name":"Panjin","country":"China","country_code":"CN","population":1166481,"lat":41.121,"lon":122.0739,"temp_c":25.4}},{"type":"Feature","geometry":{"type":"Point","coordinates":[105.26111,-5.42917]},"properties":{"id":"geonames-1624917","name":"Bandar Lampung","country":"Indonesia","country_code":"ID","population":1166066,"lat":-5.42917,"lon":105.26111,"temp_c":25.7}},{"type":"Feature","geometry":{"type":"Point","coordinates":[14.42076,50.08804]},"properties":{"id":"geonames-3067696","name":"Prague","country":"Czechia","country_code":"CZ","population":1165581,"lat":50.08804,"lon":14.42076,"temp_c":26.7}},{"type":"Feature","geometry":{"type":"Point","coordinates":[83.01041,25.31668]},"properties":{"id":"geonames-1253405","name":"Varanasi","country":"India","country_code":"IN","population":1164404,"lat":25.31668,"lon":83.01041,"temp_c":28.5}},{"type":"Feature","geometry":{"type":"Point","coordinates":[116.00206,29.70475]},"properties":{"id":"geonames-1805179","name":"Jiujiang","country":"China","country_code":"CN","population":1164268,"lat":29.70475,"lon":116.00206,"temp_c":29.2}},{"type":"Feature","geometry":{"type":"Point","coordinates":[50.13553,53.20767]},"properties":{"id":"geonames-499099","name":"Samara","country":"Russia","country_code":"RU","population":1163399,"lat":53.20767,"lon":50.13553,"temp_c":26.6}},{"type":"Feature","geometry":{"type":"Point","coordinates":[7.36667,5.10658]},"properties":{"id":"geonames-2353151","name":"Aba","country":"Nigeria","country_code":"NG","population":1160000,"lat":5.10658,"lon":7.36667,"temp_c":24.4}},{"type":"Feature","geometry":{"type":"Point","coordinates":[74.87534,31.62234]},"properties":{"id":"geonames-1278710","name":"Amritsar","country":"India","country_code":"IN","population":1159227,"lat":31.62234,"lon":74.87534,"temp_c":26.6}},{"type":"Feature","geometry":{"type":"Point","coordinates":[-1.89983,52.48142]},"properties":{"id":"geonames-2655603","name":"Birmingham","country":"United Kingdom","country_code":"GB","population":1157603,"lat":52.48142,"lon":-1.89983,"temp_c":33.2}},{"type":"Feature","geometry":{"type":"Point","coordinates":[12.56553,55.67594]},"properties":{"id":"geonames-2618425","name":"Copenhagen","country":"Denmark","country_code":"DK","population":1153615,"lat":55.67594,"lon":12.56553,"temp_c":25.5}},{"type":"Feature","geometry":{"type":"Point","coordinates":[23.32415,42.69751]},"properties":{"id":"geonames-727011","name":"Sofia","country":"Bulgaria","country_code":"BG","population":1152556,"lat":42.69751,"lon":23.32415,"temp_c":22.7}},{"type":"Feature","geometry":{"type":"Point","coordinates":[114.38278,36.096]},"properties":{"id":"geonames-1785294","name":"Anyang","country":"China","country_code":"CN","population":1146839,"lat":36.096,"lon":114.38278,"temp_c":31}},{"type":"Feature","geometry":{"type":"Point","coordinates":[44.5126,40.17765]},"properties":{"id":"geonames-616052","name":"Yerevan","country":"Armenia","country_code":"AM","population":1144700,"lat":40.17765,"lon":44.5126,"temp_c":28.5}},{"type":"Feature","geometry":{"type":"Point","coordinates":[114.13149,22.54721]},"properties":{"id":"geonames-13405906","name":"Luohu District","country":"China","country_code":"CN","population":1143801,"lat":22.54721,"lon":114.13149,"temp_c":26.9}},{"type":"Feature","geometry":{"type":"Point","coordinates":[80.6466,16.50745]},"properties":{"id":"geonames-1253184","name":"Vijayawada","country":"India","country_code":"IN","population":1143232,"lat":16.50745,"lon":80.6466,"temp_c":32.1}},{"type":"Feature","geometry":{"type":"Point","coordinates":[121.46779,30.85841]},"properties":{"id":"geonames-13608002","name":"Fengxiang","country":"China","country_code":"CN","population":1140872,"lat":30.85841,"lon":121.46779,"temp_c":27.2}},{"type":"Feature","geometry":{"type":"Point","coordinates":[105.28627,27.30193]},"properties":{"id":"geonames-1816373","name":"Bijie","country":"China","country_code":"CN","population":1137383,"lat":27.30193,"lon":105.28627,"temp_c":21}},{"type":"Feature","geometry":{"type":"Point","coordinates":[-100.31721,25.68435]},"properties":{"id":"geonames-3995465","name":"Monterrey","country":"Mexico","country_code":"MX","population":1135512,"lat":25.68435,"lon":-100.31721,"temp_c":27.7}},{"type":"Feature","geometry":{"type":"Point","coordinates":[30.05885,-1.94995]},"properties":{"id":"geonames-202061","name":"Kigali","country":"Rwanda","country_code":"RW","population":1132686,"lat":-1.94995,"lon":30.05885,"temp_c":25.4}},{"type":"Feature","geometry":{"type":"Point","coordinates":[39.70769,47.21997]},"properties":{"id":"geonames-501175","name":"Rostov-on-Don","country":"Russia","country_code":"RU","population":1130305,"lat":47.21997,"lon":39.70769,"temp_c":23.5}},{"type":"Feature","geometry":{"type":"Point","coordinates":[113.15,27.83333]},"properties":{"id":"geonames-1783763","name":"Zhuzhou","country":"China","country_code":"CN","population":1129687,"lat":27.83333,"lon":113.15,"temp_c":28.2}},{"type":"Feature","geometry":{"type":"Point","coordinates":[124.475,7.16083]},"properties":{"id":"geonames-1978681","name":"Malingao","country":"Philippines","country_code":"PH","population":1121974,"lat":7.16083,"lon":124.475,"temp_c":24.6}},{"type":"Feature","geometry":{"type":"Point","coordinates":[-15.87532,14.86229]},"properties":{"id":"geonames-2244322","name":"Touba","country":"Senegal","country_code":"SN","population":1120824,"lat":14.86229,"lon":-15.87532,"temp_c":36.1}},{"type":"Feature","geometry":{"type":"Point","coordinates":[55.96779,54.74306]},"properties":{"id":"geonames-479561","name":"Ufa","country":"Russia","country_code":"RU","population":1120547,"lat":54.74306,"lon":55.96779,"temp_c":22.1}},{"type":"Feature","geometry":{"type":"Point","coordinates":[85.3094,23.34316]},"properties":{"id":"geonames-1258526","name":"Ranchi","country":"India","country_code":"IN","population":1120374,"lat":23.34316,"lon":85.3094,"temp_c":23.9}},{"type":"Feature","geometry":{"type":"Point","coordinates":[117.94287,28.45179]},"properties":{"id":"geonames-1787858","name":"Shangrao","country":"China","country_code":"CN","population":1116486,"lat":28.45179,"lon":117.94287,"temp_c":27.3}},{"type":"Feature","geometry":{"type":"Point","coordinates":[33.78725,-13.96692]},"properties":{"id":"geonames-927967","name":"Lilongwe","country":"Malawi","country_code":"MW","population":1115815,"lat":-13.96692,"lon":33.78725,"temp_c":18.7}},{"type":"Feature","geometry":{"type":"Point","coordinates":[116.79167,33.97444]},"properties":{"id":"geonames-1807700","name":"Huaibei","country":"China","country_code":"CN","population":1113321,"lat":33.97444,"lon":116.79167,"temp_c":29.1}},{"type":"Feature","geometry":{"type":"Point","coordinates":[13.15712,11.84692]},"properties":{"id":"geonames-2331447","name":"Maiduguri","country":"Nigeria","country_code":"NG","population":1110000,"lat":11.84692,"lon":13.15712,"temp_c":31.3}},{"type":"Feature","geometry":{"type":"Point","coordinates":[121.44709,31.19594]},"properties":{"id":"geonames-1787957","name":"Xuhui","country":"China","country_code":"CN","population":1109800,"lat":31.19594,"lon":121.44709,"temp_c":27}},{"type":"Feature","geometry":{"type":"Point","coordinates":[103.83696,30.04392]},"properties":{"id":"geonames-1800818","name":"Meishan","country":"China","country_code":"CN","population":1107742,"lat":30.04392,"lon":103.83696,"temp_c":25.7}},{"type":"Feature","geometry":{"type":"Point","coordinates":[32.9,-2.51667]},"properties":{"id":"geonames-152224","name":"Mwanza","country":"Tanzania","country_code":"TZ","population":1104521,"lat":-2.51667,"lon":32.9,"temp_c":25.6}}]}
